PLOT ID,year,genotype,note
1001,2022,BGEM-0312-S,BGEM_Tall_late
1002,2022,BGEM-0245-S,BGEM_Tall_late
1003,2022,BGEM-0292-S,BGEM_Tall_late
1004,2022,BGEM-0075-S,BGEM_Tall_late
1005,2022,BGEM-0204-N,BGEM_Tall_late
1006,2022,BGEM-0015-S,BGEM_Tall_late
1007,2022,BGEM-0166-S,BGEM_Tall_late
1008,2022,B73,BGEM_Tall_late
1009,2022,BGEM-0237-N,BGEM_Tall_late
1010,2022,BGEM-0152-N,BGEM_Tall_late
1011,2022,BGEM-0103-N,BGEM_Tall_late
1012,2022,BGEM-0308-S,BGEM_Tall_late
1013,2022,BGEM-0231-N,BGEM_Tall_late
1014,2022,BGEM-0210-N,BGEM_Tall_late
1015,2022,BGEM-0065-N,BGEM_Tall_late
1016,2022,MO17,BGEM_Tall_late
1017,2022,BGEM-0178-S,BGEM_Tall_late
1018,2022,BGEM-0106-N,BGEM_Tall_late
1019,2022,BGEM-0069-S,BGEM_Tall_late
1020,2022,BGEM-0043-S,BGEM_Tall_late
1021,2022,BGEM-0239-N,BGEM_Tall_late
1022,2022,BGEM-0325-N,BGEM_Tall_late
1023,2022,BGEM-0290-N,BGEM_Tall_late
1024,2022,B73,BGEM_Tall_late
1025,2022,BGEM-0165-S,BGEM_Tall_late
1026,2022,BGEM-0318-S,BGEM_Short_early
1027,2022,BGEM-0321-S,BGEM_Short_early
1028,2022,BGEM-0008-S,BGEM_Short_early
1029,2022,BGEM-0113-S,BGEM_Short_early
1030,2022,BGEM-0140-N,BGEM_Short_early
1031,2022,BGEM-0221-S,BGEM_Short_early
1032,2022,BGEM-0047-S,BGEM_Short_early
1033,2022,MO17,BGEM_Short_early
1034,2022,BGEM-0136-S,BGEM_Short_early
1035,2022,BGEM-0244-S,BGEM_Short_early
1036,2022,BGEM-0020-S,BGEM_Short_early
1037,2022,BGEM-0118-S,BGEM_Short_early
1038,2022,BGEM-0032-S,BGEM_Short_early
1039,2022,BGEM-0039-N,BGEM_Short_early
1040,2022,BGEM-0080-S,BGEM_Short_early
1041,2022,B73,BGEM_Short_early
1042,2022,BGEM-0179-S,BGEM_Short_early
1043,2022,BGEM-0214-S,BGEM_Short_early
1044,2022,BGEM-0109-N,BGEM_Short_early
1045,2022,BGEM-0082-S,BGEM_Short_early
1046,2022,BGEM-0114-S,BGEM_Short_early
1047,2022,BGEM-0222-S,BGEM_Short_early
1048,2022,BGEM-0079-S,BGEM_Short_early
1049,2022,MO17,BGEM_Short_early
1050,2022,BGEM-0099-S,BGEM_Short_early
1051,2022,BGEM-0160-S,BGEM_Tall_late
1052,2022,BGEM-0172-S,BGEM_Tall_late
1053,2022,BGEM-0192-N,BGEM_Tall_late
1054,2022,BGEM-0211-N,BGEM_Tall_late
1055,2022,BGEM-0014-S,BGEM_Tall_late
1056,2022,BGEM-0235-N,BGEM_Tall_late
1057,2022,B73,BGEM_Tall_late
1058,2022,BGEM-0250-S,BGEM_Tall_late
1059,2022,BGEM-0183-N,BGEM_Tall_late
1060,2022,BGEM-0213-S,BGEM_Tall_late
1061,2022,BGEM-0056-S,BGEM_Tall_late
1062,2022,BGEM-0294-N,BGEM_Tall_late
1063,2022,BGEM-0196-N,BGEM_Tall_late
1064,2022,BGEM-0051-S,BGEM_Tall_late
1065,2022,MO17,BGEM_Tall_late
1066,2022,BGEM-0188-S,BGEM_Tall_late
1067,2022,BGEM-0011-S,BGEM_Tall_late
1068,2022,BGEM-0038-N,BGEM_Tall_late
1069,2022,BGEM-0307-S,BGEM_Tall_late
1070,2022,BGEM-0252-S,BGEM_Tall_late
1071,2022,BGEM-0134-S,BGEM_Tall_late
1072,2022,BGEM-0293-N,BGEM_Tall_late
1073,2022,B73,BGEM_Tall_late
1074,2022,BGEM-0328-S,BGEM_Tall_late
1075,2022,BGEM-0027-S,BGEM_Tall_late
1076,2022,BGEM-0314-S,BGEM_Short_early
1077,2022,BGEM-0068-S,BGEM_Short_early
1078,2022,BGEM-0010-S,BGEM_Short_early
1079,2022,BGEM-0255-S,BGEM_Short_early
1080,2022,BGEM-0266-S,BGEM_Short_early
1081,2022,BGEM-0298-S,BGEM_Short_early
1082,2022,MO17,BGEM_Short_early
1083,2022,BGEM-0203-N,BGEM_Short_early
1084,2022,BGEM-0184-N,BGEM_Short_early
1085,2022,BGEM-0123-N,BGEM_Short_early
1086,2022,BGEM-0037-S,BGEM_Short_early
1087,2022,BGEM-0117-S,BGEM_Short_early
1088,2022,BGEM-0077-S,BGEM_Short_early
1089,2022,BGEM-0085-N,BGEM_Short_early
1090,2022,B73,BGEM_Short_early
1091,2022,BGEM-0326-N,BGEM_Short_early
1092,2022,BGEM-0320-N,BGEM_Short_early
1093,2022,BGEM-0024-S,BGEM_Short_early
1094,2022,BGEM-0013-S,BGEM_Short_early
1095,2022,BGEM-0194-N,BGEM_Short_early
1096,2022,BGEM-0012-S,BGEM_Short_early
1097,2022,BGEM-0023-S,BGEM_Short_early
1098,2022,MO17,BGEM_Short_early
1099,2022,BGEM-0112-S,BGEM_Short_early
1100,2022,BGEM-0197-S,BGEM_Short_early
1101,2022,BGEM-0193-N,BGEM_Tall_late
1102,2022,BGEM-0070-S,BGEM_Tall_late
1103,2022,BGEM-0158-S,BGEM_Tall_late
1104,2022,BGEM-0264-S,BGEM_Tall_late
1105,2022,BGEM-0309-S,BGEM_Tall_late
1106,2022,B73,BGEM_Tall_late
1107,2022,BGEM-0060-S,BGEM_Tall_late
1108,2022,BGEM-0155-S,BGEM_Tall_late
1109,2022,BGEM-0052-S,BGEM_Tall_late
1110,2022,BGEM-0131-N,BGEM_Tall_late
1111,2022,BGEM-0003-N,BGEM_Tall_late
1112,2022,BGEM-0324-N,BGEM_Tall_late
1113,2022,BGEM-0175-S,BGEM_Tall_late
1114,2022,MO17,BGEM_Tall_late
1115,2022,BGEM-0233-S,BGEM_Tall_late
1116,2022,BGEM-0124-N,BGEM_Tall_late
1117,2022,BGEM-0223-N,BGEM_Tall_late
1118,2022,BGEM-0061-N,BGEM_Tall_late
1119,2022,BGEM-0087-N,BGEM_Tall_late
1120,2022,BGEM-0238-N,BGEM_Tall_late
1121,2022,BGEM-0257-S,BGEM_Tall_late
1122,2022,B73,BGEM_Tall_late
1123,2022,BGEM-0240-N,BGEM_Tall_late
1124,2022,BGEM-0168-S,BGEM_Tall_late
1125,2022,BGEM-0033-S,BGEM_Tall_late
1126,2022,BGEM-0154-S,BGEM_Short_early
1127,2022,BGEM-0180-S,BGEM_Short_early
1128,2022,BGEM-0137-S,BGEM_Short_early
1129,2022,BGEM-0030-S,BGEM_Short_early
1130,2022,BGEM-0327-N,BGEM_Short_early
1131,2022,MO17,BGEM_Short_early
1132,2022,BGEM-0111-S,BGEM_Short_early
1133,2022,BGEM-0050-S,BGEM_Short_early
1134,2022,BGEM-0040-N,BGEM_Short_early
1135,2022,BGEM-0129-N,BGEM_Short_early
1136,2022,BGEM-0219-S,BGEM_Short_early
1137,2022,BGEM-0066-N,BGEM_Short_early
1138,2022,BGEM-0253-N,BGEM_Short_early
1139,2022,B73,BGEM_Short_early
1140,2022,BGEM-0094-S,BGEM_Short_early
1141,2022,BGEM-0286-N,BGEM_Short_early
1142,2022,BGEM-0055-S,BGEM_Short_early
1143,2022,BGEM-0276-S,BGEM_Short_early
1144,2022,BGEM-0310-S,BGEM_Short_early
1145,2022,BGEM-0167-S,BGEM_Short_early
1146,2022,BGEM-0227-N,BGEM_Short_early
1147,2022,MO17,BGEM_Short_early
1148,2022,BGEM-0095-S,BGEM_Short_early
1149,2022,BGEM-0229-N,BGEM_Short_early
1150,2022,BGEM-0319-S,BGEM_Short_early
1151,2022,BGEM-0284-N,BGEM_Tall_late
1152,2022,BGEM-0121-N,BGEM_Tall_late
1153,2022,BGEM-0019-S,BGEM_Tall_late
1154,2022,BGEM-0072-S,BGEM_Tall_late
1155,2022,B73,BGEM_Tall_late
1156,2022,BGEM-0159-S,BGEM_Tall_late
1157,2022,BGEM-0208-N,BGEM_Tall_late
1158,2022,BGEM-0021-S,BGEM_Tall_late
1159,2022,BGEM-0064-N,BGEM_Tall_late
1160,2022,BGEM-0277-S,BGEM_Tall_late
1161,2022,BGEM-0057-S,BGEM_Tall_late
1162,2022,MO17,BGEM_Tall_late
1163,2022,B73,BGEM_Tall_early
1164,2022,BGEM-0144-N,BGEM_Tall_early
1165,2022,BGEM-0236-S,BGEM_Tall_early
1166,2022,BGEM-0171-S,BGEM_Tall_early
1167,2022,BGEM-0198-S,BGEM_Tall_early
1168,2022,BGEM-0049-S,BGEM_Tall_early
1169,2022,BGEM-0058-N,BGEM_Tall_early
1170,2022,BGEM-0007-S,BGEM_Tall_early
1171,2022,MO17,BGEM_Tall_early
1172,2022,BGEM-0125-N,BGEM_Tall_early
1173,2022,BGEM-0206-N,BGEM_Tall_early
1174,2022,BGEM-0092-S,BGEM_Tall_early
1175,2022,BGEM-0280-S,BGEM_Tall_early
1176,2022,BGEM-0150-S,BGEM_Short_early
1177,2022,BGEM-0202-N,BGEM_Short_early
1178,2022,BGEM-0207-N,BGEM_Short_early
1179,2022,BGEM-0116-S,BGEM_Short_early
1180,2022,B73,BGEM_Short_early
1181,2022,BGEM-0162-S,BGEM_Short_early
1182,2022,BGEM-0282-N,BGEM_Short_early
1183,2022,BGEM-0149-S,BGEM_Short_early
1184,2022,BGEM-0141-N,BGEM_Short_early
1185,2022,BGEM-0115-S,BGEM_Short_early
1186,2022,BGEM-0083-S,BGEM_Short_early
1187,2022,MO17,BGEM_Short_early
1188,2022,BGEM-0242-N,BGEM_Short_late
1189,2022,BGEM-0249-N,BGEM_Short_late
1190,2022,BGEM-0164-S,BGEM_Short_late
1191,2022,BGEM-0262-S,BGEM_Short_late
1192,2022,BGEM-0268-S,BGEM_Short_late
1193,2022,BGEM-0181-N,BGEM_Short_late
1194,2022,BGEM-0120-N,BGEM_Short_late
1195,2022,B73,BGEM_Short_late
1196,2022,BGEM-0228-N,BGEM_Short_late
1197,2022,BGEM-0220-S,BGEM_Short_late
1198,2022,BGEM-0026-S,BGEM_Short_late
1199,2022,BGEM-0259-N,BGEM_Short_late
1200,2022,BGEM-0246-N,BGEM_Short_late
1201,2022,BGEM-0295-S,BGEM_Tall_early
1202,2022,BGEM-0148-S,BGEM_Tall_early
1203,2022,BGEM-0045-N,BGEM_Tall_early
1204,2022,MO17,BGEM_Tall_early
1205,2022,BGEM-0300-S,BGEM_Tall_early
1206,2022,BGEM-0078-N,BGEM_Tall_early
1207,2022,BGEM-0299-N,BGEM_Tall_early
1208,2022,BGEM-0302-S,BGEM_Tall_early
1209,2022,BGEM-0145-N,BGEM_Tall_early
1210,2022,BGEM-0199-S,BGEM_Tall_early
1211,2022,BGEM-0122-N,BGEM_Tall_early
1212,2022,B73,BGEM_Tall_early
1213,2022,BGEM-0054-S,BGEM_Tall_early
1214,2022,BGEM-0146-N,BGEM_Tall_early
1215,2022,BGEM-0243-S,BGEM_Tall_early
1216,2022,BGEM-0130-N,BGEM_Tall_early
1217,2022,BGEM-0304-N,BGEM_Tall_early
1218,2022,BGEM-0086-N,BGEM_Tall_early
1219,2022,BGEM-0283-N,BGEM_Tall_early
1220,2022,MO17,BGEM_Tall_early
1221,2022,BGEM-0046-N,BGEM_Tall_early
1222,2022,BGEM-0138-S,BGEM_Tall_early
1223,2022,BGEM-0217-S,BGEM_Tall_early
1224,2022,BGEM-0127-N,BGEM_Tall_early
1225,2022,BGEM-0182-N,BGEM_Tall_early
1226,2022,BGEM-0281-N,BGEM_Short_late
1227,2022,BGEM-0073-S,BGEM_Short_late
1228,2022,B73,BGEM_Short_late
1229,2022,BGEM-0048-S,BGEM_Short_late
1230,2022,BGEM-0230-N,BGEM_Short_late
1231,2022,BGEM-0071-S,BGEM_Short_late
1232,2022,BGEM-0306-S,BGEM_Short_late
1233,2022,BGEM-0035-S,BGEM_Short_late
1234,2022,BGEM-0269-S,BGEM_Short_late
1235,2022,BGEM-0036-S,BGEM_Short_late
1236,2022,MO17,BGEM_Short_late
1237,2022,BGEM-0102-N,BGEM_Short_late
1238,2022,BGEM-0305-S,BGEM_Short_late
1239,2022,BGEM-0089-N,BGEM_Short_late
1240,2022,BGEM-0174-N,BGEM_Short_late
1241,2022,BGEM-0067-S,BGEM_Short_late
1242,2022,BGEM-0288-S,BGEM_Short_late
1243,2022,BGEM-0161-S,BGEM_Short_late
1244,2022,B73,BGEM_Short_late
1245,2022,BGEM-0088-N,BGEM_Short_late
1246,2022,BGEM-0187-S,BGEM_Short_late
1247,2022,BGEM-0170-S,BGEM_Short_late
1248,2022,BGEM-0107-N,BGEM_Short_late
1249,2022,BGEM-0225-N,BGEM_Short_late
1250,2022,BGEM-0226-S,BGEM_Short_late
1251,2022,BGEM-0313-S,BGEM_Tall_early
1252,2022,BGEM-0025-S,BGEM_Tall_early
1253,2022,MO17,BGEM_Tall_early
1254,2022,BGEM-0261-S,BGEM_Tall_early
1255,2022,BGEM-0278-S,BGEM_Tall_early
1256,2022,BGEM-0062-N,BGEM_Tall_early
1257,2022,BGEM-0272-S,BGEM_Tall_early
1258,2022,BGEM-0053-S,BGEM_Tall_early
1259,2022,BGEM-0091-N,BGEM_Tall_early
1260,2022,BGEM-0205-N,BGEM_Tall_early
1261,2022,B73,BGEM_Tall_early
1262,2022,BGEM-0078-S,BGEM_Tall_early
1263,2022,BGEM-0263-S,BGEM_Tall_early
1264,2022,BGEM-0041-S,BGEM_Tall_early
1265,2022,BGEM-0189-S,BGEM_Tall_early
1266,2022,BGEM-0143-N,BGEM_Tall_early
1267,2022,BGEM-0156-S,BGEM_Tall_early
1268,2022,BGEM-0258-S,BGEM_Tall_early
1269,2022,MO17,BGEM_Tall_early
1270,2022,BGEM-0315-S,BGEM_Tall_early
1271,2022,BGEM-0201-N,BGEM_Tall_early
1272,2022,BGEM-0063-N,BGEM_Tall_early
1273,2022,BGEM-0110-N,BGEM_Tall_early
1274,2022,BGEM-0147-S,BGEM_Tall_early
1275,2022,BGEM-0311-N,BGEM_Tall_early
1276,2022,BGEM-0169-S,BGEM_Short_late
1277,2022,B73,BGEM_Short_late
1278,2022,BGEM-0191-N,BGEM_Short_late
1279,2022,BGEM-0074-S,BGEM_Short_late
1280,2022,BGEM-0323-S,BGEM_Short_late
1281,2022,BGEM-0029-S,BGEM_Short_late
1282,2022,BGEM-0190-N,BGEM_Short_late
1283,2022,BGEM-0022-S,BGEM_Short_late
1284,2022,BGEM-0028-S,BGEM_Short_late
1285,2022,MO17,BGEM_Short_late
1286,2022,BGEM-0291-N,BGEM_Short_late
1287,2022,BGEM-0296-S,BGEM_Short_late
1288,2022,BGEM-0289-N,BGEM_Short_late
1289,2022,BGEM-0151-N,BGEM_Short_late
1290,2022,BGEM-0084-S,BGEM_Short_late
1291,2022,BGEM-0200-S,BGEM_Short_late
1292,2022,BGEM-0101-S,BGEM_Short_late
1293,2022,B73,BGEM_Short_late
1294,2022,BGEM-0303-N,BGEM_Short_late
1295,2022,BGEM-0224-N,BGEM_Short_late
1296,2022,BGEM-0270-S,BGEM_Short_late
1297,2022,BGEM-0279-S,BGEM_Short_late
1298,2022,BGEM-0004-N,BGEM_Short_late
1299,2022,BGEM-0260-N,BGEM_Short_late
1300,2022,BGEM-0256-N,BGEM_Short_late
1301,2022,BGEM-0031-S,BGEM_Tall_early
1302,2022,MO17,BGEM_Tall_early
1303,2022,BGEM-0076-S,BGEM_Tall_early
1304,2022,BGEM-0301-S,BGEM_Tall_early
1305,2022,BGEM-0209-N,BGEM_Tall_early
1306,2022,BGEM-0018-S,BGEM_Tall_early
1307,2022,BGEM-0215-N,BGEM_Tall_early
1308,2022,BGEM-0081-S,BGEM_Tall_early
1309,2022,BGEM-0317-S,BGEM_Tall_early
1310,2022,B73,BGEM_Tall_early
1311,2022,BGEM-0251-S,BGEM_Tall_early
1312,2022,BGEM-0212-N,BGEM_Tall_early
1313,2022,BGEM-0001-N,BGEM_Tall_early
1314,2022,BGEM-0002-N,BGEM_Tall_early
1315,2022,BGEM-0126-N,BGEM_Tall_early
1316,2022,BGEM-0254-S,BGEM_Tall_early
1317,2022,BGEM-0105-N,BGEM_Tall_early
1318,2022,MO17,BGEM_Tall_early
1319,2022,BGEM-0248-N,BGEM_Tall_early
1320,2022,BGEM-0044-S,BGEM_Tall_early
1321,2022,BGEM-0005-N,BGEM_Tall_early
1322,2022,BGEM-0006-S,BGEM_Tall_early
1323,2022,BGEM-0133-S,BGEM_Tall_early
1324,2022,BGEM-0098-S,BGEM_Tall_early
1325,2022,B73,BGEM_Tall_early
1326,2022,MO17,BGEM_Short_late
1327,2022,BGEM-0218-S,BGEM_Short_late
1328,2022,BGEM-0163-S,BGEM_Short_late
1329,2022,BGEM-0247-N,BGEM_Short_late
1330,2022,BGEM-0287-N,BGEM_Short_late
1331,2022,BGEM-0059-S,BGEM_Short_late
1332,2022,BGEM-0173-S,BGEM_Short_late
1333,2022,BGEM-0108-S,BGEM_Short_late
1334,2022,B73,BGEM_Short_late
1335,2022,BGEM-0297-N,BGEM_Short_late
1336,2022,BGEM-0185-N,BGEM_Short_late
1337,2022,BGEM-0157-N,BGEM_Short_late
1338,2022,BGEM-0322-S,BGEM_Short_late
1339,2022,BGEM-0100-S,BGEM_Short_late
1340,2022,BGEM-0090-N,BGEM_Short_late
1341,2022,BGEM-0034-S,BGEM_Short_late
1342,2022,MO17,BGEM_Short_late
1343,2022,BGEM-0097-S,BGEM_Short_late
1344,2022,BGEM-0285-N,BGEM_Short_late
1345,2022,BGEM-0216-N,BGEM_Short_late
1346,2022,BGEM-0316-S,BGEM_Short_late
1347,2022,BGEM-0153-S,BGEM_Short_late
1348,2022,BGEM-0186-S,BGEM_Short_late
1349,2022,BGEM-0042-S,BGEM_Short_late
1350,2022,B73,BGEM_Short_late
1351,2022,B73 X Mo17,Hybrid
1352,2022,B73 X Mo17,Hybrid
1353,2022,B73 X Mo17,Hybrid
1354,2022,B73 X Mo17,Hybrid
1355,2022,BGEM-0143-N X B73,Hybrid
1356,2022,BGEM-0242-N X B73,Hybrid
1357,2022,BGEM-0039-N X B73,Hybrid
1358,2022,PHJ40 x PHW52,Hybrid
1359,2022,BGEM-0201-N X B73,Hybrid
1360,2022,B73 X Mo17,Hybrid
1361,2022,BGEM-0152-N X B73,Hybrid
1362,2022,BGEM-0125-N X B73,Hybrid
1363,2022,BGEM-0109-N X B73,Hybrid
1364,2022,BGEM-0205-N X B73,Hybrid
1365,2022,BGEM-0126-N X B73,Hybrid
1366,2022,B73 X Mo17,Hybrid
1367,2022,BGEM-0107-N X B73,Hybrid
1368,2022,BGEM-0239-N X B73,Hybrid
1369,2022,BGEM-0123-N X B73,Hybrid
1370,2022,BGEM-0231-N X B73,Hybrid
1371,2022,BGEM-0194-N X B73,Hybrid
1372,2022,B73 X Mo17,Hybrid
1373,2022,BGEM-0086-N X B73,Hybrid
1374,2022,BGEM-0091-N X B73,Hybrid
1375,2022,BGEM-0215-N X B73,Hybrid
1376,2022,BGEM-0131-N X B73,Hybrid
1377,2022,BGEM-0124-N X B73,Hybrid
1378,2022,B73 X Mo17,Hybrid
1379,2022,BGEM-0130-N X B73,Hybrid
1380,2022,BGEM-0089-N X B73,Hybrid
1381,2022,BGEM-0230-N X B73,Hybrid
1382,2022,BGEM-0058-N X B73,Hybrid
1383,2022,BGEM-0207-N X B73,Hybrid
1384,2022,B73 X Mo17,Hybrid
1385,2022,BGEM-0085-N X B73,Hybrid
1386,2022,BGEM-0005-N X B73,Hybrid
1387,2022,BGEM-0191-N X B73,Hybrid
1388,2022,BGEM-0141-N X B73,Hybrid
1389,2022,BGEM-0140-N X B73,Hybrid
1390,2022,B73 X Mo17,Hybrid
1391,2022,BGEM-0087-N X B73,Hybrid
1392,2022,BGEM-0151-N X B73,Hybrid
1393,2022,BGEM-0249-N X B73,Hybrid
1394,2022,BGEM-0223-N X B73,Hybrid
1395,2022,BGEM-0004-N X B73,Hybrid
1396,2022,B73 X Mo17,Hybrid
1397,2022,BGEM-0063-N X B73,Hybrid
1398,2022,Mo17,Hybrid
1399,2022,BGEM-0237-N X B73,Hybrid
1400,2022,BGEM-0064-N X B73,Hybrid
1401,2022,BGEM-0144-N X B73,Hybrid
1402,2022,B73 X Mo17,Hybrid
1403,2022,BGEM-0216-N X B73,Hybrid
1404,2022,BGEM-0182-N X B73,Hybrid
1405,2022,BGEM-0238-N X B73,Hybrid
1406,2022,BGEM-0003-N X B73,Hybrid
1407,2022,BGEM-0224-N X B73,Hybrid
1408,2022,B73 X Mo17,Hybrid
1409,2022,BGEM-0127-N X B73,Hybrid
1410,2022,BGEM-0061-N X B73,Hybrid
1411,2022,BGEM-0196-N X B73,Hybrid
1412,2022,BGEM-0040-N X B73,Hybrid
1413,2022,BGEM-0185-N X B73,Hybrid
1414,2022,B73 X Mo17,Hybrid
1415,2022,BGEM-0202-N X B73,Hybrid
1416,2022,BGEM-0046-N X B73,Hybrid
1417,2022,BGEM-0145-N X B73,Hybrid
1418,2022,BGEM-0228-N X B73,Hybrid
1419,2022,BGEM-0102-N X B73,Hybrid
1420,2022,B73 X Mo17,Hybrid
1421,2022,BGEM-0235-N X B73,Hybrid
1422,2022,BGEM-0227-N X B73,Hybrid
1423,2022,BGEM-0174-N X B73,Hybrid
1424,2022,BGEM-0211-N X B73,Hybrid
1425,2022,BGEM-0229-N X B73,Hybrid
1426,2022,B73 X Mo17,Hybrid
1427,2022,BGEM-0038-N X B73,Hybrid
1428,2022,BGEM-0183-N X B73,Hybrid
1429,2022,BGEM-0256-N X B73,Hybrid
1430,2022,B73,Hybrid
1431,2022,BGEM-0210-N X B73,Hybrid
1432,2022,B73 X Mo17,Hybrid
1433,2022,BGEM-0088-N X B73,Hybrid
1434,2022,BGEM-0002-N X B73,Hybrid
1435,2022,BGEM-0181-N X B73,Hybrid
1436,2022,BGEM-0122-N X B73,Hybrid
1437,2022,BGEM-0184-N X B73,Hybrid
1438,2022,B73 X Mo17,Hybrid
1439,2022,BGEM-0110-N X B73,Hybrid
1440,2022,BGEM-0062-N X B73,Hybrid
1441,2022,BGEM-0103-N X B73,Hybrid
1442,2022,BGEM-0146-N X B73,Hybrid
1443,2022,BGEM-0129-N X B73,Hybrid
1444,2022,B73 X Mo17,Hybrid
1445,2022,B73,Hybrid
1446,2022,BGEM-0105-N X B73,Hybrid
1447,2022,BGEM-0240-N X B73,Hybrid
1448,2022,BGEM-0209-N X B73,Hybrid
1449,2022,BGEM-0121-N X B73,Hybrid
1450,2022,B73 X Mo17,Hybrid
1451,2022,BGEM-0045-N X B73,Hybrid
1452,2022,Mo17,Hybrid
1453,2022,BGEM-0243-S X Mo17,Hybrid
1454,2022,BGEM-0043-S X Mo17,Hybrid
1455,2022,BGEM-0220-S X Mo17,Hybrid
1456,2022,BGEM-0263-S X Mo17,Hybrid
1457,2022,BGEM-0118-S X Mo17,Hybrid
1458,2022,B73 X Mo17,Hybrid
1459,2022,BGEM-0094-S X Mo17,Hybrid
1460,2022,BGEM-0163-S X Mo17,Hybrid
1461,2022,BGEM-0177-S X Mo17,Hybrid
1462,2022,BGEM-0075-S X Mo17,Hybrid
1463,2022,BGEM-0051-S X Mo17,Hybrid
1464,2022,B73 X Mo17,Hybrid
1465,2022,BGEM-0011-S X Mo17,Hybrid
1466,2022,BGEM-0092-S X Mo17,Hybrid
1467,2022,BGEM-0059-S X Mo17,Hybrid
1468,2022,BGEM-0049-S X Mo17,Hybrid
1469,2022,BGEM-0081-S X Mo17,Hybrid
1470,2022,B73 X Mo17,Hybrid
1471,2022,BGEM-0250-S X Mo17,Hybrid
1472,2022,BGEM-0113-S X Mo17,Hybrid
1473,2022,BGEM-0236-S X Mo17,Hybrid
1474,2022,BGEM-0068-S X Mo17,Hybrid
1475,2022,BGEM-0050-S X Mo17,Hybrid
1476,2022,B73 X Mo17,Hybrid
1477,2022,BGEM-0012-S X Mo17,Hybrid
1478,2022,BGEM-0077-S X Mo17,Hybrid
1479,2022,BGEM-0134-S X Mo17,Hybrid
1480,2022,BGEM-0027-S X Mo17,Hybrid
1481,2022,BGEM-0101-S X Mo17,Hybrid
1482,2022,B73 X Mo17,Hybrid
1483,2022,BGEM-0219-S X Mo17,Hybrid
1484,2022,BGEM-0179-S X Mo17,Hybrid
1485,2022,BGEM-0117-S X Mo17,Hybrid
1486,2022,BGEM-0200-S X Mo17,Hybrid
1487,2022,BGEM-0156-S X Mo17,Hybrid
1488,2022,B73 X Mo17,Hybrid
1489,2022,BGEM-0148-S X Mo17,Hybrid
1490,2022,BGEM-0030-S X Mo17,Hybrid
1491,2022,BGEM-0052-S X Mo17,Hybrid
1492,2022,BGEM-0226-S X Mo17,Hybrid
1493,2022,BGEM-0198-S X Mo17,Hybrid
1494,2022,B73 X Mo17,Hybrid
1495,2022,BGEM-0023-S X Mo17,Hybrid
1496,2022,BGEM-0264-S X Mo17,Hybrid
1497,2022,BGEM-0218-S X Mo17,Hybrid
1498,2022,BGEM-0175-S X Mo17,Hybrid
1499,2022,BGEM-0057-S X Mo17,Hybrid
1500,2022,B73 X Mo17,Hybrid
1501,2022,BGEM-0056-S X Mo17,Hybrid
1502,2022,BGEM-0070-S X Mo17,Hybrid
1503,2022,BGEM-0187-S X Mo17,Hybrid
1504,2022,BGEM-0222-S X Mo17,Hybrid
1505,2022,BGEM-0221-S X Mo17,Hybrid
1506,2022,B73 X Mo17,Hybrid
1507,2022,BGEM-0252-S X Mo17,Hybrid
1508,2022,BGEM-0014-S X Mo17,Hybrid
1509,2022,BGEM-0054-S X Mo17,Hybrid
1510,2022,BGEM-0167-S X Mo17,Hybrid
1511,2022,BGEM-0036-S X Mo17,Hybrid
1512,2022,B73 X Mo17,Hybrid
1513,2022,BGEM-0035-S X Mo17,Hybrid
1514,2022,BGEM-0168-S X Mo17,Hybrid
1515,2022,BGEM-0214-S X Mo17,Hybrid
1516,2022,BGEM-0160-S X Mo17,Hybrid
1517,2022,BGEM-0082-S X Mo17,Hybrid
1518,2022,LH109 x LH123,Hybrid
1519,2022,BGEM-0244-S X Mo17,Hybrid
1520,2022,BGEM-0108-S X Mo17,Hybrid
1521,2022,BGEM-0199-S X Mo17,Hybrid
1522,2022,BGEM-0076-S X Mo17,Hybrid
1523,2022,BGEM-0154-S X Mo17,Hybrid
1524,2022,PHB47 x PHW52,Hybrid
1525,2022,BGEM-0164-S X Mo17,Hybrid
1526,2022,BGEM-0060-S X Mo17,Hybrid
1527,2022,BGEM-0026-S X Mo17,Hybrid
1528,2022,BGEM-0171-S X Mo17,Hybrid
1529,2022,BGEM-0170-S X Mo17,Hybrid
1530,2022,PHG86 x B73,Hybrid
1531,2022,BGEM-0072-S X Mo17,Hybrid
1532,2022,BGEM-0189-S X Mo17,Hybrid
1533,2022,BGEM-0257-S X Mo17,Hybrid
1534,2022,BGEM-0173-S X Mo17,Hybrid
1535,2022,BGEM-0021-S X Mo17,Hybrid
1536,2022,LH132 x B73,Hybrid
1537,2022,BGEM-0084-S X Mo17,Hybrid
1538,2022,BGEM-0015-S X Mo17,Hybrid
1539,2022,BGEM-0255-S X Mo17,Hybrid
1540,2022,BGEM-0136-S X Mo17,Hybrid
1541,2022,BGEM-0019-S X Mo17,Hybrid
1542,2022,LH123 x LH59,Hybrid
1543,2022,BGEM-0114-S X Mo17,Hybrid
1544,2022,BGEM-0245-S X Mo17,Hybrid
1545,2022,BGEM-0197-S X Mo17,Hybrid
1546,2022,BGEM-0159-S X Mo17,Hybrid
1547,2022,BGEM-0251-S X Mo17,Hybrid
1548,2022,LH109 x LH59,Hybrid
1549,2022,BGEM-0161-S X Mo17,Hybrid
1550,2022,BGEM-0044-S X Mo17,Hybrid
1551,2022,BGEM-0165-S X Mo17,Hybrid
1552,2022,BGEM-0083-S X Mo17,Hybrid
1553,2022,BGEM-0022-S X Mo17,Hybrid
1554,2022,LH109 x LH59,Hybrid
1555,2022,BGEM-0258-S X Mo17,Hybrid
1556,2022,BGEM-0032-S X Mo17,Hybrid
1557,2022,BGEM-0047-S X Mo17,Hybrid
1558,2022,BGEM-0034-S X Mo17,Hybrid
1559,2022,BGEM-0008-S X Mo17,Hybrid
1560,2022,PHZ51 x LH123,Hybrid
1561,2022,BGEM-0261-S X Mo17,Hybrid
1562,2022,BGEM-0188-S X Mo17,Hybrid
1563,2022,BGEM-0254-S X Mo17,Hybrid
1564,2022,BGEM-0137-S X Mo17,Hybrid
1565,2022,BGEM-0162-S X Mo17,Hybrid
1566,2022,LH132 x B73,Hybrid
1567,2022,BGEM-0024-S X Mo17,Hybrid
1568,2022,BGEM-0006-S X Mo17,Hybrid
1569,2022,BGEM-0079-S X Mo17,Hybrid
1570,2022,BGEM-0178-S X Mo17,Hybrid
1571,2022,BGEM-0158-S X Mo17,Hybrid
1572,2022,PHG86 x PHW52,Hybrid
1573,2022,BGEM-0029-S X Mo17,Hybrid
1574,2022,BGEM-0073-S X Mo17,Hybrid
1575,2022,BGEM-0053-S X Mo17,Hybrid
1576,2022,BGEM-0115-S X Mo17,Hybrid
1577,2022,BGEM-0078-S X Mo17,Hybrid
1578,2022,PHJ40 x PHW52,Hybrid
1579,2022,BGEM-0028-S X Mo17,Hybrid
1580,2022,BGEM-0010-S X Mo17,Hybrid
1581,2022,BGEM-0233-S X Mo17,Hybrid
1582,2022,BGEM-0180-S X Mo17,Hybrid
1583,2022,BGEM-0112-S X Mo17,Hybrid
1584,2022,LH123 x PHG50,Hybrid
1585,2022,BGEM-0116-S X Mo17,Hybrid
1586,2022,BGEM-0055-S X Mo17,Hybrid
1587,2022,BGEM-0111-S X Mo17,Hybrid
1588,2022,BGEM-0033-S X Mo17,Hybrid
1589,2022,BGEM-0071-S X Mo17,Hybrid
1590,2022,PHB47 x PHK29,Hybrid
1591,2022,BGEM-0147-S X Mo17,Hybrid
1592,2022,BGEM-0098-S X Mo17,Hybrid
1593,2022,BGEM-0048-S X Mo17,Hybrid
1594,2022,BGEM-0262-S X Mo17,Hybrid
1595,2022,BGEM-0153-S X Mo17,Hybrid
1596,2022,LH74 X LH123,Hybrid
1597,2022,PHG86 x LHB2,Hybrid
1598,2022,PHG86 x PHW52,Hybrid
1599,2022,PHG89 x PHW52,Hybrid
1600,2022,PHK29 x PHW52,Hybrid
2001,2022,BGEM-0318-S,BGEM_Short_early
2002,2022,BGEM-0321-S,BGEM_Short_early
2003,2022,BGEM-0008-S,BGEM_Short_early
2004,2022,BGEM-0113-S,BGEM_Short_early
2005,2022,BGEM-0140-N,BGEM_Short_early
2006,2022,BGEM-0221-S,BGEM_Short_early
2007,2022,BGEM-0047-S,BGEM_Short_early
2008,2022,MO17,BGEM_Short_early
2009,2022,BGEM-0136-S,BGEM_Short_early
2010,2022,BGEM-0244-S,BGEM_Short_early
2011,2022,BGEM-0020-S,BGEM_Short_early
2012,2022,BGEM-0118-S,BGEM_Short_early
2013,2022,BGEM-0032-S,BGEM_Short_early
2014,2022,BGEM-0039-N,BGEM_Short_early
2015,2022,BGEM-0080-S,BGEM_Short_early
2016,2022,B73,BGEM_Short_early
2017,2022,BGEM-0179-S,BGEM_Short_early
2018,2022,BGEM-0214-S,BGEM_Short_early
2019,2022,BGEM-0109-N,BGEM_Short_early
2020,2022,BGEM-0082-S,BGEM_Short_early
2021,2022,BGEM-0114-S,BGEM_Short_early
2022,2022,BGEM-0222-S,BGEM_Short_early
2023,2022,BGEM-0079-S,BGEM_Short_early
2024,2022,MO17,BGEM_Short_early
2025,2022,BGEM-0099-S,BGEM_Short_early
2026,2022,BGEM-0312-S,BGEM_Tall_late
2027,2022,BGEM-0245-S,BGEM_Tall_late
2028,2022,BGEM-0292-S,BGEM_Tall_late
2029,2022,BGEM-0075-S,BGEM_Tall_late
2030,2022,BGEM-0204-N,BGEM_Tall_late
2031,2022,BGEM-0015-S,BGEM_Tall_late
2032,2022,BGEM-0166-S,BGEM_Tall_late
2033,2022,B73,BGEM_Tall_late
2034,2022,BGEM-0237-N,BGEM_Tall_late
2035,2022,BGEM-0152-N,BGEM_Tall_late
2036,2022,BGEM-0103-N,BGEM_Tall_late
2037,2022,BGEM-0308-S,BGEM_Tall_late
2038,2022,BGEM-0231-N,BGEM_Tall_late
2039,2022,BGEM-0210-N,BGEM_Tall_late
2040,2022,BGEM-0065-N,BGEM_Tall_late
2041,2022,MO17,BGEM_Tall_late
2042,2022,BGEM-0178-S,BGEM_Tall_late
2043,2022,BGEM-0106-N,BGEM_Tall_late
2044,2022,BGEM-0069-S,BGEM_Tall_late
2045,2022,BGEM-0043-S,BGEM_Tall_late
2046,2022,BGEM-0239-N,BGEM_Tall_late
2047,2022,BGEM-0325-N,BGEM_Tall_late
2048,2022,BGEM-0290-N,BGEM_Tall_late
2049,2022,B73,BGEM_Tall_late
2050,2022,BGEM-0165-S,BGEM_Tall_late
2051,2022,BGEM-0314-S,BGEM_Short_early
2052,2022,BGEM-0068-S,BGEM_Short_early
2053,2022,BGEM-0010-S,BGEM_Short_early
2054,2022,BGEM-0255-S,BGEM_Short_early
2055,2022,BGEM-0266-S,BGEM_Short_early
2056,2022,BGEM-0298-S,BGEM_Short_early
2057,2022,MO17,BGEM_Short_early
2058,2022,BGEM-0203-N,BGEM_Short_early
2059,2022,BGEM-0184-N,BGEM_Short_early
2060,2022,BGEM-0123-N,BGEM_Short_early
2061,2022,BGEM-0037-S,BGEM_Short_early
2062,2022,BGEM-0117-S,BGEM_Short_early
2063,2022,BGEM-0077-S,BGEM_Short_early
2064,2022,BGEM-0085-N,BGEM_Short_early
2065,2022,B73,BGEM_Short_early
2066,2022,BGEM-0326-N,BGEM_Short_early
2067,2022,BGEM-0320-N,BGEM_Short_early
2068,2022,BGEM-0024-S,BGEM_Short_early
2069,2022,BGEM-0013-S,BGEM_Short_early
2070,2022,Mo17,BGEM_Short_early
2071,2022,BGEM-0012-S,BGEM_Short_early
2072,2022,BGEM-0023-S,BGEM_Short_early
2073,2022,MO17,BGEM_Short_early
2074,2022,BGEM-0112-S,BGEM_Short_early
2075,2022,BGEM-0197-S,BGEM_Short_early
2076,2022,BGEM-0160-S,BGEM_Tall_late
2077,2022,BGEM-0172-S,BGEM_Tall_late
2078,2022,BGEM-0192-N,BGEM_Tall_late
2079,2022,BGEM-0211-N,BGEM_Tall_late
2080,2022,BGEM-0014-S,BGEM_Tall_late
2081,2022,BGEM-0235-N,BGEM_Tall_late
2082,2022,B73,BGEM_Tall_late
2083,2022,BGEM-0250-S,BGEM_Tall_late
2084,2022,BGEM-0183-N,BGEM_Tall_late
2085,2022,BGEM-0213-S,BGEM_Tall_late
2086,2022,BGEM-0056-S,BGEM_Tall_late
2087,2022,BGEM-0294-N,BGEM_Tall_late
2088,2022,BGEM-0196-N,BGEM_Tall_late
2089,2022,BGEM-0051-S,BGEM_Tall_late
2090,2022,MO17,BGEM_Tall_late
2091,2022,BGEM-0188-S,BGEM_Tall_late
2092,2022,BGEM-0011-S,BGEM_Tall_late
2093,2022,BGEM-0038-N,BGEM_Tall_late
2094,2022,BGEM-0307-S,BGEM_Tall_late
2095,2022,BGEM-0252-S,BGEM_Tall_late
2096,2022,BGEM-0134-S,BGEM_Tall_late
2097,2022,BGEM-0293-N,BGEM_Tall_late
2098,2022,B73,BGEM_Tall_late
2099,2022,BGEM-0328-S,BGEM_Tall_late
2100,2022,BGEM-0027-S,BGEM_Tall_late
2101,2022,BGEM-0154-S,BGEM_Short_early
2102,2022,BGEM-0180-S,BGEM_Short_early
2103,2022,BGEM-0137-S,BGEM_Short_early
2104,2022,BGEM-0030-S,BGEM_Short_early
2105,2022,BGEM-0327-N,BGEM_Short_early
2106,2022,MO17,BGEM_Short_early
2107,2022,BGEM-0111-S,BGEM_Short_early
2108,2022,BGEM-0050-S,BGEM_Short_early
2109,2022,BGEM-0040-N,BGEM_Short_early
2110,2022,BGEM-0129-N,BGEM_Short_early
2111,2022,BGEM-0219-S,BGEM_Short_early
2112,2022,BGEM-0066-N,BGEM_Short_early
2113,2022,BGEM-0253-N,BGEM_Short_early
2114,2022,B73,BGEM_Short_early
2115,2022,BGEM-0094-S,BGEM_Short_early
2116,2022,BGEM-0286-N,BGEM_Short_early
2117,2022,BGEM-0055-S,BGEM_Short_early
2118,2022,BGEM-0276-S,BGEM_Short_early
2119,2022,BGEM-0310-S,BGEM_Short_early
2120,2022,BGEM-0167-S,BGEM_Short_early
2121,2022,BGEM-0227-N,BGEM_Short_early
2122,2022,MO17,BGEM_Short_early
2123,2022,BGEM-0095-S,BGEM_Short_early
2124,2022,BGEM-0229-N,BGEM_Short_early
2125,2022,BGEM-0319-S,BGEM_Short_early
2126,2022,BGEM-0193-N,BGEM_Tall_late
2127,2022,BGEM-0070-S,BGEM_Tall_late
2128,2022,BGEM-0158-S,BGEM_Tall_late
2129,2022,BGEM-0264-S,BGEM_Tall_late
2130,2022,BGEM-0309-S,BGEM_Tall_late
2131,2022,B73,BGEM_Tall_late
2132,2022,BGEM-0060-S,BGEM_Tall_late
2133,2022,BGEM-0155-S,BGEM_Tall_late
2134,2022,BGEM-0052-S,BGEM_Tall_late
2135,2022,BGEM-0131-N,BGEM_Tall_late
2136,2022,BGEM-0003-N,BGEM_Tall_late
2137,2022,BGEM-0324-N,BGEM_Tall_late
2138,2022,BGEM-0175-S,BGEM_Tall_late
2139,2022,MO17,BGEM_Tall_late
2140,2022,BGEM-0233-S,BGEM_Tall_late
2141,2022,BGEM-0124-N,BGEM_Tall_late
2142,2022,BGEM-0223-N,BGEM_Tall_late
2143,2022,BGEM-0061-N,BGEM_Tall_late
2144,2022,BGEM-0087-N,BGEM_Tall_late
2145,2022,BGEM-0238-N,BGEM_Tall_late
2146,2022,BGEM-0257-S,BGEM_Tall_late
2147,2022,B73,BGEM_Tall_late
2148,2022,BGEM-0240-N,BGEM_Tall_late
2149,2022,BGEM-0168-S,BGEM_Tall_late
2150,2022,BGEM-0033-S,BGEM_Tall_late
2151,2022,BGEM-0150-S,BGEM_Short_early
2152,2022,BGEM-0202-N,BGEM_Short_early
2153,2022,BGEM-0207-N,BGEM_Short_early
2154,2022,BGEM-0116-S,BGEM_Short_early
2155,2022,MO17,BGEM_Short_early
2156,2022,BGEM-0162-S,BGEM_Short_early
2157,2022,BGEM-0282-N,BGEM_Short_early
2158,2022,BGEM-0149-S,BGEM_Short_early
2159,2022,BGEM-0141-N,BGEM_Short_early
2160,2022,BGEM-0115-S,BGEM_Short_early
2161,2022,BGEM-0083-S,BGEM_Short_early
2162,2022,B73,BGEM_Short_early
2163,2022,BGEM-0242-N,BGEM_Short_late
2164,2022,BGEM-0249-N,BGEM_Short_late
2165,2022,BGEM-0164-S,BGEM_Short_late
2166,2022,BGEM-0262-S,BGEM_Short_late
2167,2022,BGEM-0268-S,BGEM_Short_late
2168,2022,BGEM-0181-N,BGEM_Short_late
2169,2022,BGEM-0120-N,BGEM_Short_late
2170,2022,MO17,BGEM_Short_late
2171,2022,BGEM-0228-N,BGEM_Short_late
2172,2022,BGEM-0220-S,BGEM_Short_late
2173,2022,BGEM-0026-S,BGEM_Short_late
2174,2022,BGEM-0259-N,BGEM_Short_late
2175,2022,BGEM-0246-N,BGEM_Short_late
2176,2022,BGEM-0284-N,BGEM_Tall_late
2177,2022,BGEM-0121-N,BGEM_Tall_late
2178,2022,BGEM-0019-S,BGEM_Tall_late
2179,2022,BGEM-0072-S,BGEM_Tall_late
2180,2022,B73,BGEM_Tall_late
2181,2022,BGEM-0159-S,BGEM_Tall_late
2182,2022,BGEM-0208-N,BGEM_Tall_late
2183,2022,BGEM-0021-S,BGEM_Tall_late
2184,2022,BGEM-0064-N,BGEM_Tall_late
2185,2022,BGEM-0277-S,BGEM_Tall_late
2186,2022,BGEM-0057-S,BGEM_Tall_late
2187,2022,MO17,BGEM_Tall_late
2188,2022,B73,BGEM_Tall_early
2189,2022,BGEM-0144-N,BGEM_Tall_early
2190,2022,BGEM-0236-S,BGEM_Tall_early
2191,2022,BGEM-0171-S,BGEM_Tall_early
2192,2022,BGEM-0198-S,BGEM_Tall_early
2193,2022,BGEM-0049-S,BGEM_Tall_early
2194,2022,BGEM-0058-N,BGEM_Tall_early
2195,2022,BGEM-0007-S,BGEM_Tall_early
2196,2022,MO17,BGEM_Tall_early
2197,2022,BGEM-0125-N,BGEM_Tall_early
2198,2022,BGEM-0206-N,BGEM_Tall_early
2199,2022,BGEM-0092-S,BGEM_Tall_early
2200,2022,BGEM-0280-S,BGEM_Tall_early
2201,2022,BGEM-0281-N,BGEM_Short_late
2202,2022,BGEM-0073-S,BGEM_Short_late
2203,2022,B73,BGEM_Short_late
2204,2022,BGEM-0048-S,BGEM_Short_late
2205,2022,BGEM-0230-N,BGEM_Short_late
2206,2022,BGEM-0071-S,BGEM_Short_late
2207,2022,BGEM-0306-S,BGEM_Short_late
2208,2022,BGEM-0035-S,BGEM_Short_late
2209,2022,BGEM-0269-S,BGEM_Short_late
2210,2022,BGEM-0036-S,BGEM_Short_late
2211,2022,MO17,BGEM_Short_late
2212,2022,BGEM-0102-N,BGEM_Short_late
2213,2022,BGEM-0305-S,BGEM_Short_late
2214,2022,BGEM-0089-N,BGEM_Short_late
2215,2022,BGEM-0174-N,BGEM_Short_late
2216,2022,BGEM-0067-S,BGEM_Short_late
2217,2022,BGEM-0288-S,BGEM_Short_late
2218,2022,BGEM-0161-S,BGEM_Short_late
2219,2022,B73,BGEM_Short_late
2220,2022,BGEM-0088-N,BGEM_Short_late
2221,2022,BGEM-0187-S,BGEM_Short_late
2222,2022,BGEM-0170-S,BGEM_Short_late
2223,2022,BGEM-0107-N,BGEM_Short_late
2224,2022,BGEM-0225-N,BGEM_Short_late
2225,2022,BGEM-0226-S,BGEM_Short_late
2226,2022,BGEM-0295-S,BGEM_Tall_early
2227,2022,BGEM-0148-S,BGEM_Tall_early
2228,2022,BGEM-0045-N,BGEM_Tall_early
2229,2022,MO17,BGEM_Tall_early
2230,2022,BGEM-0300-S,BGEM_Tall_early
2231,2022,BGEM-0078-N,BGEM_Tall_early
2232,2022,BGEM-0299-N,BGEM_Tall_early
2233,2022,BGEM-0302-S,BGEM_Tall_early
2234,2022,BGEM-0145-N,BGEM_Tall_early
2235,2022,BGEM-0199-S,BGEM_Tall_early
2236,2022,BGEM-0122-N,BGEM_Tall_early
2237,2022,B73,BGEM_Tall_early
2238,2022,BGEM-0054-S,BGEM_Tall_early
2239,2022,BGEM-0146-N,BGEM_Tall_early
2240,2022,BGEM-0243-S,BGEM_Tall_early
2241,2022,BGEM-0130-N,BGEM_Tall_early
2242,2022,BGEM-0304-N,BGEM_Tall_early
2243,2022,BGEM-0086-N,BGEM_Tall_early
2244,2022,BGEM-0283-N,BGEM_Tall_early
2245,2022,MO17,BGEM_Tall_early
2246,2022,BGEM-0046-N,BGEM_Tall_early
2247,2022,BGEM-0138-S,BGEM_Tall_early
2248,2022,BGEM-0217-S,BGEM_Tall_early
2249,2022,BGEM-0127-N,BGEM_Tall_early
2250,2022,BGEM-0182-N,BGEM_Tall_early
2251,2022,BGEM-0169-S,BGEM_Short_late
2252,2022,B73,BGEM_Short_late
2253,2022,BGEM-0191-N,BGEM_Short_late
2254,2022,BGEM-0074-S,BGEM_Short_late
2255,2022,BGEM-0323-S,BGEM_Short_late
2256,2022,BGEM-0029-S,BGEM_Short_late
2257,2022,BGEM-0190-N,BGEM_Short_late
2258,2022,BGEM-0022-S,BGEM_Short_late
2259,2022,BGEM-0028-S,BGEM_Short_late
2260,2022,MO17,BGEM_Short_late
2261,2022,BGEM-0291-N,BGEM_Short_late
2262,2022,BGEM-0296-S,BGEM_Short_late
2263,2022,BGEM-0289-N,BGEM_Short_late
2264,2022,BGEM-0151-N,BGEM_Short_late
2265,2022,BGEM-0084-S,BGEM_Short_late
2266,2022,BGEM-0200-S,BGEM_Short_late
2267,2022,BGEM-0101-S,BGEM_Short_late
2268,2022,B73,BGEM_Short_late
2269,2022,BGEM-0303-N,BGEM_Short_late
2270,2022,BGEM-0224-N,BGEM_Short_late
2271,2022,BGEM-0270-S,BGEM_Short_late
2272,2022,BGEM-0279-S,BGEM_Short_late
2273,2022,BGEM-0004-N,BGEM_Short_late
2274,2022,BGEM-0260-N,BGEM_Short_late
2275,2022,BGEM-0256-N,BGEM_Short_late
2276,2022,BGEM-0313-S,BGEM_Tall_early
2277,2022,BGEM-0025-S,BGEM_Tall_early
2278,2022,MO17,BGEM_Tall_early
2279,2022,BGEM-0261-S,BGEM_Tall_early
2280,2022,BGEM-0278-S,BGEM_Tall_early
2281,2022,BGEM-0062-N,BGEM_Tall_early
2282,2022,BGEM-0272-S,BGEM_Tall_early
2283,2022,BGEM-0053-S,BGEM_Tall_early
2284,2022,BGEM-0091-N,BGEM_Tall_early
2285,2022,BGEM-0205-N,BGEM_Tall_early
2286,2022,B73,BGEM_Tall_early
2287,2022,BGEM-0078-S,BGEM_Tall_early
2288,2022,BGEM-0263-S,BGEM_Tall_early
2289,2022,BGEM-0041-S,BGEM_Tall_early
2290,2022,BGEM-0189-S,BGEM_Tall_early
2291,2022,BGEM-0143-N,BGEM_Tall_early
2292,2022,BGEM-0156-S,BGEM_Tall_early
2293,2022,BGEM-0258-S,BGEM_Tall_early
2294,2022,MO17,BGEM_Tall_early
2295,2022,BGEM-0315-S,BGEM_Tall_early
2296,2022,BGEM-0201-N,BGEM_Tall_early
2297,2022,BGEM-0063-N,BGEM_Tall_early
2298,2022,BGEM-0110-N,BGEM_Tall_early
2299,2022,BGEM-0147-S,BGEM_Tall_early
2300,2022,BGEM-0311-N,BGEM_Tall_early
2301,2022,B73,BGEM_Short_late
2302,2022,BGEM-0218-S,BGEM_Short_late
2303,2022,BGEM-0163-S,BGEM_Short_late
2304,2022,BGEM-0247-N,BGEM_Short_late
2305,2022,BGEM-0287-N,BGEM_Short_late
2306,2022,BGEM-0059-S,BGEM_Short_late
2307,2022,BGEM-0173-S,BGEM_Short_late
2308,2022,BGEM-0108-S,BGEM_Short_late
2309,2022,MO17,BGEM_Short_late
2310,2022,BGEM-0297-N,BGEM_Short_late
2311,2022,BGEM-0185-N,BGEM_Short_late
2312,2022,BGEM-0157-N,BGEM_Short_late
2313,2022,BGEM-0322-S,BGEM_Short_late
2314,2022,BGEM-0100-S,BGEM_Short_late
2315,2022,BGEM-0090-N,BGEM_Short_late
2316,2022,BGEM-0034-S,BGEM_Short_late
2317,2022,B73,BGEM_Short_late
2318,2022,BGEM-0097-S,BGEM_Short_late
2319,2022,BGEM-0285-N,BGEM_Short_late
2320,2022,BGEM-0216-N,BGEM_Short_late
2321,2022,BGEM-0316-S,BGEM_Short_late
2322,2022,BGEM-0153-S,BGEM_Short_late
2323,2022,BGEM-0186-S,BGEM_Short_late
2324,2022,BGEM-0042-S,BGEM_Short_late
2325,2022,MO17,BGEM_Short_late
2326,2022,BGEM-0031-S,BGEM_Tall_early
2327,2022,B73,BGEM_Tall_early
2328,2022,BGEM-0076-S,BGEM_Tall_early
2329,2022,BGEM-0301-S,BGEM_Tall_early
2330,2022,BGEM-0209-N,BGEM_Tall_early
2331,2022,BGEM-0018-S,BGEM_Tall_early
2332,2022,BGEM-0215-N,BGEM_Tall_early
2333,2022,BGEM-0081-S,BGEM_Tall_early
2334,2022,BGEM-0317-S,BGEM_Tall_early
2335,2022,MO17,BGEM_Tall_early
2336,2022,BGEM-0251-S,BGEM_Tall_early
2337,2022,BGEM-0212-N,BGEM_Tall_early
2338,2022,BGEM-0001-N,BGEM_Tall_early
2339,2022,BGEM-0002-N,BGEM_Tall_early
2340,2022,BGEM-0126-N,BGEM_Tall_early
2341,2022,BGEM-0254-S,BGEM_Tall_early
2342,2022,BGEM-0105-N,BGEM_Tall_early
2343,2022,B73,BGEM_Tall_early
2344,2022,BGEM-0248-N,BGEM_Tall_early
2345,2022,BGEM-0044-S,BGEM_Tall_early
2346,2022,BGEM-0005-N,BGEM_Tall_early
2347,2022,BGEM-0006-S,BGEM_Tall_early
2348,2022,BGEM-0133-S,BGEM_Tall_early
2349,2022,BGEM-0098-S,BGEM_Tall_early
2350,2022,MO17,BGEM_Tall_early
2351,2022,PHJ40 x PHK29,Hybrid
2352,2022,PHG86 x B73,Hybrid
2353,2022,PHG86 x LHB2,Hybrid
2354,2022,PHG86 x PHW52,Hybrid
2355,2022,BGEM-0110-N X B73,Hybrid
2356,2022,BGEM-0202-N X B73,Hybrid
2357,2022,BGEM-0061-N X B73,Hybrid
2358,2022,BGEM-0194-N X B73,Hybrid
2359,2022,BGEM-0126-N X B73,Hybrid
2360,2022,PHG89 x PHW52,Hybrid
2361,2022,BGEM-0235-N X B73,Hybrid
2362,2022,BGEM-0121-N X B73,Hybrid
2363,2022,BGEM-0088-N X B73,Hybrid
2364,2022,BGEM-0089-N X B73,Hybrid
2365,2022,BGEM-0107-N X B73,Hybrid
2366,2022,PHK29 x PHW52,Hybrid
2367,2022,BGEM-0127-N X B73,Hybrid
2368,2022,BGEM-0109-N X B73,Hybrid
2369,2022,BGEM-0064-N X B73,Hybrid
2370,2022,BGEM-0174-N X B73,Hybrid
2371,2022,BGEM-0038-N X B73,Hybrid
2372,2022,PHJ40 x PHK29,Hybrid
2373,2022,BGEM-0085-N X B73,Hybrid
2374,2022,Mo17,Hybrid
2375,2022,BGEM-0211-N X B73,Hybrid
2376,2022,BGEM-0004-N X B73,Hybrid
2377,2022,BGEM-0249-N X B73,Hybrid
2378,2022,PHB47 x PHG86,Hybrid
2379,2022,BGEM-0230-N X B73,Hybrid
2380,2022,BGEM-0002-N X B73,Hybrid
2381,2022,BGEM-0238-N X B73,Hybrid
2382,2022,BGEM-0196-N X B73,Hybrid
2383,2022,BGEM-0003-N X B73,Hybrid
2384,2022,PHB47 x PHG86,Hybrid
2385,2022,BGEM-0039-N X B73,Hybrid
2386,2022,B73,Hybrid
2387,2022,BGEM-0045-N X B73,Hybrid
2388,2022,BGEM-0242-N X B73,Hybrid
2389,2022,BGEM-0124-N X B73,Hybrid
2390,2022,PHB47 x PHK29,Hybrid
2391,2022,BGEM-0129-N X B73,Hybrid
2392,2022,BGEM-0224-N X B73,Hybrid
2393,2022,BGEM-0146-N X B73,Hybrid
2394,2022,BGEM-0228-N X B73,Hybrid
2395,2022,BGEM-0040-N X B73,Hybrid
2396,2022,PHB47 x PHW52,Hybrid
2397,2022,BGEM-0086-N X B73,Hybrid
2398,2022,B73,Hybrid
2399,2022,BGEM-0087-N X B73,Hybrid
2400,2022,BGEM-0240-N X B73,Hybrid
2401,2022,BGEM-0058-N X B73,Hybrid
2402,2022,PHB47 x PHW52,Hybrid
2403,2022,BGEM-0141-N X B73,Hybrid
2404,2022,BGEM-0122-N X B73,Hybrid
2405,2022,BGEM-0223-N X B73,Hybrid
2406,2022,BGEM-0125-N X B73,Hybrid
2407,2022,BGEM-0216-N X B73,Hybrid
2408,2022,PHG47 x PHZ51,Hybrid
2409,2022,BGEM-0103-N X B73,Hybrid
2410,2022,BGEM-0237-N X B73,Hybrid
2411,2022,BGEM-0182-N X B73,Hybrid
2412,2022,Mo17,Hybrid
2413,2022,BGEM-0215-N X B73,Hybrid
2414,2022,PHG47 x LH59,Hybrid
2415,2022,BGEM-0151-N X B73,Hybrid
2416,2022,BGEM-0207-N X B73,Hybrid
2417,2022,BGEM-0143-N X B73,Hybrid
2418,2022,BGEM-0191-N X B73,Hybrid
2419,2022,BGEM-0091-N X B73,Hybrid
2420,2022,PHG47 x LH59,Hybrid
2421,2022,BGEM-0063-N X B73,Hybrid
2422,2022,BGEM-0046-N X B73,Hybrid
2423,2022,BGEM-0005-N X B73,Hybrid
2424,2022,BGEM-0184-N X B73,Hybrid
2425,2022,BGEM-0205-N X B73,Hybrid
2426,2022,PHG50 x PHG51,Hybrid
2427,2022,BGEM-0152-N X B73,Hybrid
2428,2022,BGEM-0239-N X B73,Hybrid
2429,2022,BGEM-0144-N X B73,Hybrid
2430,2022,BGEM-0227-N X B73,Hybrid
2431,2022,BGEM-0130-N X B73,Hybrid
2432,2022,PHG50 x PHG51,Hybrid
2433,2022,BGEM-0105-N X B73,Hybrid
2434,2022,BGEM-0062-N X B73,Hybrid
2435,2022,BGEM-0229-N X B73,Hybrid
2436,2022,BGEM-0131-N X B73,Hybrid
2437,2022,BGEM-0185-N X B73,Hybrid
2438,2022,PHG47 x PHZ51,Hybrid
2439,2022,BGEM-0181-N X B73,Hybrid
2440,2022,BGEM-0140-N X B73,Hybrid
2441,2022,BGEM-0145-N X B73,Hybrid
2442,2022,Mo17,Hybrid
2443,2022,BGEM-0102-N X B73,Hybrid
2444,2022,PHG47 x PHG50,Hybrid
2445,2022,PHJ40 x PHW52,Hybrid
2446,2022,PHG47 X PHZ51,Hybrid
2447,2022,BGEM-0231-N X B73,Hybrid
2448,2022,BGEM-0210-N X B73,Hybrid
2449,2022,BGEM-0123-N X B73,Hybrid
2450,2022,PHB47 x PHK29,Hybrid
2451,2022,BGEM-0183-N X B73,Hybrid
2452,2022,BGEM-0256-N X B73,Hybrid
2453,2022,BGEM-0116-S X Mo17,Hybrid
2454,2022,BGEM-0053-S X Mo17,Hybrid
2455,2022,BGEM-0111-S X Mo17,Hybrid
2456,2022,BGEM-0254-S X Mo17,Hybrid
2457,2022,BGEM-0244-S X Mo17,Hybrid
2458,2022,PHG50 x PHG47,Hybrid
2459,2022,BGEM-0236-S X Mo17,Hybrid
2460,2022,BGEM-0162-S X Mo17,Hybrid
2461,2022,BGEM-0178-S X Mo17,Hybrid
2462,2022,BGEM-0258-S X Mo17,Hybrid
2463,2022,BGEM-0158-S X Mo17,Hybrid
2464,2022,PHG50 x PHG47,Hybrid
2465,2022,BGEM-0057-S X Mo17,Hybrid
2466,2022,BGEM-0112-S X Mo17,Hybrid
2467,2022,BGEM-0197-S X Mo17,Hybrid
2468,2022,BGEM-0221-S X Mo17,Hybrid
2469,2022,BGEM-0262-S X Mo17,Hybrid
2470,2022,PHG50 x PHG51,Hybrid
2471,2022,BGEM-0021-S X Mo17,Hybrid
2472,2022,BGEM-0257-S X Mo17,Hybrid
2473,2022,BGEM-0078-S X Mo17,Hybrid
2474,2022,BGEM-0175-S X Mo17,Hybrid
2475,2022,BGEM-0081-S X Mo17,Hybrid
2476,2022,PHG50 x PHG51,Hybrid
2477,2022,BGEM-0251-S X Mo17,Hybrid
2478,2022,BGEM-0011-S X Mo17,Hybrid
2479,2022,BGEM-0218-S X Mo17,Hybrid
2480,2022,BGEM-0164-S X Mo17,Hybrid
2481,2022,BGEM-0117-S X Mo17,Hybrid
2482,2022,PHG50 x PHG51,Hybrid
2483,2022,BGEM-0222-S X Mo17,Hybrid
2484,2022,BGEM-0079-S X Mo17,Hybrid
2485,2022,BGEM-0033-S X Mo17,Hybrid
2486,2022,BGEM-0118-S X Mo17,Hybrid
2487,2022,BGEM-0076-S X Mo17,Hybrid
2488,2022,PHG50 x PHG47,Hybrid
2489,2022,BGEM-0160-S X Mo17,Hybrid
2490,2022,BGEM-0153-S X Mo17,Hybrid
2491,2022,BGEM-0198-S X Mo17,Hybrid
2492,2022,BGEM-0077-S X Mo17,Hybrid
2493,2022,BGEM-0101-S X Mo17,Hybrid
2494,2022,PHG50 x PHG47,Hybrid
2495,2022,BGEM-0052-S X Mo17,Hybrid
2496,2022,BGEM-0168-S X Mo17,Hybrid
2497,2022,BGEM-0173-S X Mo17,Hybrid
2498,2022,BGEM-0189-S X Mo17,Hybrid
2499,2022,BGEM-0028-S X Mo17,Hybrid
2500,2022,PHZ51 x PHG35,Hybrid
2501,2022,BGEM-0261-S X Mo17,Hybrid
2502,2022,BGEM-0214-S X Mo17,Hybrid
2503,2022,BGEM-0072-S X Mo17,Hybrid
2504,2022,BGEM-0015-S X Mo17,Hybrid
2505,2022,BGEM-0154-S X Mo17,Hybrid
2506,2022,PHZ51 x PHG35,Hybrid
2507,2022,BGEM-0019-S X Mo17,Hybrid
2508,2022,BGEM-0056-S X Mo17,Hybrid
2509,2022,BGEM-0161-S X Mo17,Hybrid
2510,2022,BGEM-0060-S X Mo17,Hybrid
2511,2022,BGEM-0014-S X Mo17,Hybrid
2512,2022,PHG50 x PHG47,Hybrid
2513,2022,BGEM-0084-S X Mo17,Hybrid
2514,2022,BGEM-0233-S X Mo17,Hybrid
2515,2022,BGEM-0199-S X Mo17,Hybrid
2516,2022,BGEM-0148-S X Mo17,Hybrid
2517,2022,BGEM-0163-S X Mo17,Hybrid
2518,2022,PHG47 x PHG50,Hybrid
2519,2022,BGEM-0029-S X Mo17,Hybrid
2520,2022,BGEM-0083-S X Mo17,Hybrid
2521,2022,BGEM-0252-S X Mo17,Hybrid
2522,2022,BGEM-0167-S X Mo17,Hybrid
2523,2022,BGEM-0032-S X Mo17,Hybrid
2524,2022,PHG47 x LH59,Hybrid
2525,2022,BGEM-0113-S X Mo17,Hybrid
2526,2022,BGEM-0027-S X Mo17,Hybrid
2527,2022,BGEM-0136-S X Mo17,Hybrid
2528,2022,BGEM-0075-S X Mo17,Hybrid
2529,2022,BGEM-0034-S X Mo17,Hybrid
2530,2022,PHG47 x LH59,Hybrid
2531,2022,BGEM-0026-S X Mo17,Hybrid
2532,2022,BGEM-0068-S X Mo17,Hybrid
2533,2022,BGEM-0177-S X Mo17,Hybrid
2534,2022,BGEM-0170-S X Mo17,Hybrid
2535,2022,BGEM-0219-S X Mo17,Hybrid
2536,2022,PHZ51 x PHG35,Hybrid
2537,2022,BGEM-0059-S X Mo17,Hybrid
2538,2022,BGEM-0082-S X Mo17,Hybrid
2539,2022,BGEM-0098-S X Mo17,Hybrid
2540,2022,BGEM-0023-S X Mo17,Hybrid
2541,2022,BGEM-0094-S X Mo17,Hybrid
2542,2022,PHZ51 x PHG35,Hybrid
2543,2022,BGEM-0243-S X Mo17,Hybrid
2544,2022,BGEM-0264-S X Mo17,Hybrid
2545,2022,BGEM-0092-S X Mo17,Hybrid
2546,2022,BGEM-0044-S X Mo17,Hybrid
2547,2022,BGEM-0055-S X Mo17,Hybrid
2548,2022,LH132 x B73,Hybrid
2549,2022,BGEM-0147-S X Mo17,Hybrid
2550,2022,LH109 X LH59,Hybrid
2551,2022,BGEM-0051-S X Mo17,Hybrid
2552,2022,BGEM-0250-S X Mo17,Hybrid
2553,2022,BGEM-0071-S X Mo17,Hybrid
2554,2022,LH123 x LH59,Hybrid
2555,2022,BGEM-0159-S X Mo17,Hybrid
2556,2022,BGEM-0010-S X Mo17,Hybrid
2557,2022,BGEM-0179-S X Mo17,Hybrid
2558,2022,BGEM-0036-S X Mo17,Hybrid
2559,2022,BGEM-0165-S X Mo17,Hybrid
2560,2022,LH109 x LH59,Hybrid
2561,2022,BGEM-0050-S X Mo17,Hybrid
2562,2022,BGEM-0188-S X Mo17,Hybrid
2563,2022,BGEM-0156-S X Mo17,Hybrid
2564,2022,BGEM-0255-S X Mo17,Hybrid
2565,2022,BGEM-0049-S X Mo17,Hybrid
2566,2022,LH109 x LH59,Hybrid
2567,2022,BGEM-0245-S X Mo17,Hybrid
2568,2022,BGEM-0070-S X Mo17,Hybrid
2569,2022,BGEM-0012-S X Mo17,Hybrid
2570,2022,BGEM-0114-S X Mo17,Hybrid
2571,2022,BGEM-0187-S X Mo17,Hybrid
2572,2022,PHZ51 x LH123,Hybrid
2573,2022,BGEM-0043-S X Mo17,Hybrid
2574,2022,BGEM-0035-S X Mo17,Hybrid
2575,2022,BGEM-0073-S X Mo17,Hybrid
2576,2022,BGEM-0054-S X Mo17,Hybrid
2577,2022,BGEM-0047-S X Mo17,Hybrid
2578,2022,LH132 x B73,Hybrid
2579,2022,BGEM-0200-S X Mo17,Hybrid
2580,2022,BGEM-0030-S X Mo17,Hybrid
2581,2022,BGEM-0171-S X Mo17,Hybrid
2582,2022,BGEM-0115-S X Mo17,Hybrid
2583,2022,BGEM-0006-S X Mo17,Hybrid
2584,2022,PHG86 x PHW52,Hybrid
2585,2022,BGEM-0108-S X Mo17,Hybrid
2586,2022,BGEM-0024-S X Mo17,Hybrid
2587,2022,BGEM-0137-S X Mo17,Hybrid
2588,2022,BGEM-0048-S X Mo17,Hybrid
2589,2022,BGEM-0263-S X Mo17,Hybrid
2590,2022,PHJ40 x PHW52,Hybrid
2591,2022,BGEM-0220-S X Mo17,Hybrid
2592,2022,BGEM-0180-S X Mo17,Hybrid
2593,2022,BGEM-0134-S X Mo17,Hybrid
2594,2022,BGEM-0022-S X Mo17,Hybrid
2595,2022,BGEM-0226-S X Mo17,Hybrid
2596,2022,LH123 x PHG50,Hybrid
2597,2022,PHB47 x PHK29,Hybrid
2598,2022,LH74 X LH123,Hybrid
2599,2022,LH109 x LH123,Hybrid
2600,2022,PHB47 x PHW52,Hybrid
3001,2022,B73,BGEM_Tall_early
3002,2022,BGEM-0144-N,BGEM_Tall_early
3003,2022,BGEM-0236-S,BGEM_Tall_early
3004,2022,BGEM-0171-S,BGEM_Tall_early
3005,2022,BGEM-0198-S,BGEM_Tall_early
3006,2022,BGEM-0049-S,BGEM_Tall_early
3007,2022,BGEM-0058-N,BGEM_Tall_early
3008,2022,BGEM-0007-S,BGEM_Tall_early
3009,2022,MO17,BGEM_Tall_early
3010,2022,BGEM-0125-N,BGEM_Tall_early
3011,2022,BGEM-0206-N,BGEM_Tall_early
3012,2022,BGEM-0092-S,BGEM_Tall_early
3013,2022,BGEM-0280-S,BGEM_Tall_early
3014,2022,BGEM-0295-S,BGEM_Tall_early
3015,2022,BGEM-0148-S,BGEM_Tall_early
3016,2022,BGEM-0045-N,BGEM_Tall_early
3017,2022,B73,BGEM_Tall_early
3018,2022,BGEM-0300-S,BGEM_Tall_early
3019,2022,BGEM-0078-N,BGEM_Tall_early
3020,2022,BGEM-0299-N,BGEM_Tall_early
3021,2022,BGEM-0302-S,BGEM_Tall_early
3022,2022,BGEM-0145-N,BGEM_Tall_early
3023,2022,BGEM-0199-S,BGEM_Tall_early
3024,2022,BGEM-0122-N,BGEM_Tall_early
3025,2022,MO17,BGEM_Tall_early
3026,2022,BGEM-0242-N,BGEM_Short_late
3027,2022,BGEM-0249-N,BGEM_Short_late
3028,2022,BGEM-0164-S,BGEM_Short_late
3029,2022,BGEM-0262-S,BGEM_Short_late
3030,2022,BGEM-0268-S,BGEM_Short_late
3031,2022,BGEM-0181-N,BGEM_Short_late
3032,2022,BGEM-0120-N,BGEM_Short_late
3033,2022,B73,BGEM_Short_late
3034,2022,BGEM-0228-N,BGEM_Short_late
3035,2022,BGEM-0220-S,BGEM_Short_late
3036,2022,BGEM-0026-S,BGEM_Short_late
3037,2022,BGEM-0259-N,BGEM_Short_late
3038,2022,BGEM-0246-N,BGEM_Short_late
3039,2022,BGEM-0281-N,BGEM_Short_late
3040,2022,BGEM-0073-S,BGEM_Short_late
3041,2022,MO17,BGEM_Short_late
3042,2022,BGEM-0048-S,BGEM_Short_late
3043,2022,BGEM-0230-N,BGEM_Short_late
3044,2022,BGEM-0071-S,BGEM_Short_late
3045,2022,BGEM-0306-S,BGEM_Short_late
3046,2022,BGEM-0035-S,BGEM_Short_late
3047,2022,BGEM-0269-S,BGEM_Short_late
3048,2022,BGEM-0036-S,BGEM_Short_late
3049,2022,B73,BGEM_Short_late
3050,2022,BGEM-0102-N,BGEM_Short_late
3051,2022,BGEM-0054-S,BGEM_Tall_early
3052,2022,BGEM-0146-N,BGEM_Tall_early
3053,2022,BGEM-0243-S,BGEM_Tall_early
3054,2022,BGEM-0130-N,BGEM_Tall_early
3055,2022,BGEM-0304-N,BGEM_Tall_early
3056,2022,BGEM-0086-N,BGEM_Tall_early
3057,2022,BGEM-0283-N,BGEM_Tall_early
3058,2022,MO17,BGEM_Tall_early
3059,2022,BGEM-0046-N,BGEM_Tall_early
3060,2022,BGEM-0138-S,BGEM_Tall_early
3061,2022,BGEM-0217-S,BGEM_Tall_early
3062,2022,BGEM-0127-N,BGEM_Tall_early
3063,2022,BGEM-0182-N,BGEM_Tall_early
3064,2022,BGEM-0313-S,BGEM_Tall_early
3065,2022,BGEM-0025-S,BGEM_Tall_early
3066,2022,B73,BGEM_Tall_early
3067,2022,BGEM-0261-S,BGEM_Tall_early
3068,2022,BGEM-0278-S,BGEM_Tall_early
3069,2022,BGEM-0062-N,BGEM_Tall_early
3070,2022,BGEM-0272-S,BGEM_Tall_early
3071,2022,BGEM-0053-S,BGEM_Tall_early
3072,2022,BGEM-0091-N,BGEM_Tall_early
3073,2022,BGEM-0205-N,BGEM_Tall_early
3074,2022,MO17,BGEM_Tall_early
3075,2022,BGEM-0078-S,BGEM_Tall_early
3076,2022,BGEM-0305-S,BGEM_Short_late
3077,2022,BGEM-0089-N,BGEM_Short_late
3078,2022,BGEM-0174-N,BGEM_Short_late
3079,2022,BGEM-0067-S,BGEM_Short_late
3080,2022,BGEM-0288-S,BGEM_Short_late
3081,2022,BGEM-0161-S,BGEM_Short_late
3082,2022,B73,BGEM_Short_late
3083,2022,BGEM-0088-N,BGEM_Short_late
3084,2022,BGEM-0187-S,BGEM_Short_late
3085,2022,BGEM-0170-S,BGEM_Short_late
3086,2022,BGEM-0107-N,BGEM_Short_late
3087,2022,BGEM-0225-N,BGEM_Short_late
3088,2022,BGEM-0226-S,BGEM_Short_late
3089,2022,BGEM-0169-S,BGEM_Short_late
3090,2022,MO17,BGEM_Short_late
3091,2022,BGEM-0191-N,BGEM_Short_late
3092,2022,BGEM-0074-S,BGEM_Short_late
3093,2022,BGEM-0323-S,BGEM_Short_late
3094,2022,BGEM-0029-S,BGEM_Short_late
3095,2022,BGEM-0190-N,BGEM_Short_late
3096,2022,BGEM-0022-S,BGEM_Short_late
3097,2022,BGEM-0028-S,BGEM_Short_late
3098,2022,B73,BGEM_Short_late
3099,2022,BGEM-0291-N,BGEM_Short_late
3100,2022,BGEM-0296-S,BGEM_Short_late
3101,2022,BGEM-0263-S,BGEM_Tall_early
3102,2022,BGEM-0041-S,BGEM_Tall_early
3103,2022,BGEM-0189-S,BGEM_Tall_early
3104,2022,BGEM-0143-N,BGEM_Tall_early
3105,2022,BGEM-0156-S,BGEM_Tall_early
3106,2022,BGEM-0258-S,BGEM_Tall_early
3107,2022,MO17,BGEM_Tall_early
3108,2022,BGEM-0315-S,BGEM_Tall_early
3109,2022,BGEM-0201-N,BGEM_Tall_early
3110,2022,BGEM-0063-N,BGEM_Tall_early
3111,2022,BGEM-0110-N,BGEM_Tall_early
3112,2022,BGEM-0147-S,BGEM_Tall_early
3113,2022,BGEM-0311-N,BGEM_Tall_early
3114,2022,BGEM-0031-S,BGEM_Tall_early
3115,2022,B73,BGEM_Tall_early
3116,2022,BGEM-0076-S,BGEM_Tall_early
3117,2022,BGEM-0301-S,BGEM_Tall_early
3118,2022,BGEM-0209-N,BGEM_Tall_early
3119,2022,BGEM-0018-S,BGEM_Tall_early
3120,2022,BGEM-0215-N,BGEM_Tall_early
3121,2022,BGEM-0081-S,BGEM_Tall_early
3122,2022,BGEM-0317-S,BGEM_Tall_early
3123,2022,MO17,BGEM_Tall_early
3124,2022,BGEM-0251-S,BGEM_Tall_early
3125,2022,BGEM-0212-N,BGEM_Tall_early
3126,2022,BGEM-0289-N,BGEM_Short_late
3127,2022,BGEM-0151-N,BGEM_Short_late
3128,2022,BGEM-0084-S,BGEM_Short_late
3129,2022,BGEM-0200-S,BGEM_Short_late
3130,2022,BGEM-0101-S,BGEM_Short_late
3131,2022,B73,BGEM_Short_late
3132,2022,BGEM-0303-N,BGEM_Short_late
3133,2022,BGEM-0224-N,BGEM_Short_late
3134,2022,BGEM-0270-S,BGEM_Short_late
3135,2022,BGEM-0279-S,BGEM_Short_late
3136,2022,BGEM-0004-N,BGEM_Short_late
3137,2022,BGEM-0260-N,BGEM_Short_late
3138,2022,BGEM-0256-N,BGEM_Short_late
3139,2022,MO17,BGEM_Short_late
3140,2022,BGEM-0218-S,BGEM_Short_late
3141,2022,BGEM-0163-S,BGEM_Short_late
3142,2022,BGEM-0247-N,BGEM_Short_late
3143,2022,BGEM-0287-N,BGEM_Short_late
3144,2022,BGEM-0059-S,BGEM_Short_late
3145,2022,BGEM-0173-S,BGEM_Short_late
3146,2022,BGEM-0108-S,BGEM_Short_late
3147,2022,B73,BGEM_Short_late
3148,2022,BGEM-0297-N,BGEM_Short_late
3149,2022,BGEM-0185-N,BGEM_Short_late
3150,2022,BGEM-0157-N,BGEM_Short_late
3151,2022,BGEM-0001-N,BGEM_Tall_early
3152,2022,BGEM-0002-N,BGEM_Tall_early
3153,2022,BGEM-0126-N,BGEM_Tall_early
3154,2022,BGEM-0254-S,BGEM_Tall_early
3155,2022,BGEM-0105-N,BGEM_Tall_early
3156,2022,MO17,BGEM_Tall_early
3157,2022,BGEM-0248-N,BGEM_Tall_early
3158,2022,BGEM-0044-S,BGEM_Tall_early
3159,2022,BGEM-0005-N,BGEM_Tall_early
3160,2022,BGEM-0006-S,BGEM_Tall_early
3161,2022,BGEM-0133-S,BGEM_Tall_early
3162,2022,BGEM-0098-S,BGEM_Tall_early
3163,2022,B73,BGEM_Tall_early
3164,2022,BGEM-0312-S,BGEM_Tall_late
3165,2022,BGEM-0245-S,BGEM_Tall_late
3166,2022,BGEM-0292-S,BGEM_Tall_late
3167,2022,BGEM-0075-S,BGEM_Tall_late
3168,2022,BGEM-0204-N,BGEM_Tall_late
3169,2022,BGEM-0015-S,BGEM_Tall_late
3170,2022,BGEM-0166-S,BGEM_Tall_late
3171,2022,MO17,BGEM_Tall_late
3172,2022,BGEM-0237-N,BGEM_Tall_late
3173,2022,BGEM-0152-N,BGEM_Tall_late
3174,2022,BGEM-0103-N,BGEM_Tall_late
3175,2022,BGEM-0308-S,BGEM_Tall_late
3176,2022,BGEM-0322-S,BGEM_Short_late
3177,2022,BGEM-0100-S,BGEM_Short_late
3178,2022,BGEM-0090-N,BGEM_Short_late
3179,2022,BGEM-0034-S,BGEM_Short_late
3180,2022,B73,BGEM_Short_late
3181,2022,BGEM-0097-S,BGEM_Short_late
3182,2022,BGEM-0285-N,BGEM_Short_late
3183,2022,BGEM-0216-N,BGEM_Short_late
3184,2022,BGEM-0316-S,BGEM_Short_late
3185,2022,BGEM-0153-S,BGEM_Short_late
3186,2022,BGEM-0186-S,BGEM_Short_late
3187,2022,BGEM-0042-S,BGEM_Short_late
3188,2022,MO17,BGEM_Short_late
3189,2022,BGEM-0318-S,BGEM_Short_early
3190,2022,BGEM-0321-S,BGEM_Short_early
3191,2022,BGEM-0008-S,BGEM_Short_early
3192,2022,BGEM-0113-S,BGEM_Short_early
3193,2022,BGEM-0140-N,BGEM_Short_early
3194,2022,BGEM-0221-S,BGEM_Short_early
3195,2022,BGEM-0047-S,BGEM_Short_early
3196,2022,B73,BGEM_Short_early
3197,2022,BGEM-0136-S,BGEM_Short_early
3198,2022,BGEM-0244-S,BGEM_Short_early
3199,2022,BGEM-0020-S,BGEM_Short_early
3200,2022,BGEM-0118-S,BGEM_Short_early
3201,2022,BGEM-0231-N,BGEM_Tall_late
3202,2022,BGEM-0210-N,BGEM_Tall_late
3203,2022,BGEM-0065-N,BGEM_Tall_late
3204,2022,MO17,BGEM_Tall_late
3205,2022,BGEM-0178-S,BGEM_Tall_late
3206,2022,BGEM-0106-N,BGEM_Tall_late
3207,2022,BGEM-0069-S,BGEM_Tall_late
3208,2022,BGEM-0043-S,BGEM_Tall_late
3209,2022,BGEM-0239-N,BGEM_Tall_late
3210,2022,BGEM-0325-N,BGEM_Tall_late
3211,2022,BGEM-0290-N,BGEM_Tall_late
3212,2022,B73,BGEM_Tall_late
3213,2022,BGEM-0165-S,BGEM_Tall_late
3214,2022,BGEM-0160-S,BGEM_Tall_late
3215,2022,BGEM-0172-S,BGEM_Tall_late
3216,2022,BGEM-0192-N,BGEM_Tall_late
3217,2022,BGEM-0211-N,BGEM_Tall_late
3218,2022,BGEM-0014-S,BGEM_Tall_late
3219,2022,BGEM-0235-N,BGEM_Tall_late
3220,2022,MO17,BGEM_Tall_late
3221,2022,BGEM-0250-S,BGEM_Tall_late
3222,2022,BGEM-0183-N,BGEM_Tall_late
3223,2022,BGEM-0213-S,BGEM_Tall_late
3224,2022,BGEM-0056-S,BGEM_Tall_late
3225,2022,BGEM-0294-N,BGEM_Tall_late
3226,2022,BGEM-0032-S,BGEM_Short_early
3227,2022,BGEM-0039-N,BGEM_Short_early
3228,2022,BGEM-0080-S,BGEM_Short_early
3229,2022,B73,BGEM_Short_early
3230,2022,BGEM-0179-S,BGEM_Short_early
3231,2022,BGEM-0214-S,BGEM_Short_early
3232,2022,BGEM-0109-N,BGEM_Short_early
3233,2022,BGEM-0082-S,BGEM_Short_early
3234,2022,BGEM-0114-S,BGEM_Short_early
3235,2022,BGEM-0222-S,BGEM_Short_early
3236,2022,BGEM-0079-S,BGEM_Short_early
3237,2022,MO17,BGEM_Short_early
3238,2022,BGEM-0099-S,BGEM_Short_early
3239,2022,BGEM-0314-S,BGEM_Short_early
3240,2022,BGEM-0068-S,BGEM_Short_early
3241,2022,BGEM-0010-S,BGEM_Short_early
3242,2022,BGEM-0255-S,BGEM_Short_early
3243,2022,BGEM-0266-S,BGEM_Short_early
3244,2022,BGEM-0298-S,BGEM_Short_early
3245,2022,B73,BGEM_Short_early
3246,2022,BGEM-0203-N,BGEM_Short_early
3247,2022,BGEM-0184-N,BGEM_Short_early
3248,2022,BGEM-0123-N,BGEM_Short_early
3249,2022,BGEM-0037-S,BGEM_Short_early
3250,2022,BGEM-0117-S,BGEM_Short_early
3251,2022,BGEM-0196-N,BGEM_Tall_late
3252,2022,BGEM-0051-S,BGEM_Tall_late
3253,2022,MO17,BGEM_Tall_late
3254,2022,BGEM-0188-S,BGEM_Tall_late
3255,2022,BGEM-0011-S,BGEM_Tall_late
3256,2022,BGEM-0038-N,BGEM_Tall_late
3257,2022,BGEM-0307-S,BGEM_Tall_late
3258,2022,BGEM-0252-S,BGEM_Tall_late
3259,2022,BGEM-0134-S,BGEM_Tall_late
3260,2022,BGEM-0293-N,BGEM_Tall_late
3261,2022,B73,BGEM_Tall_late
3262,2022,BGEM-0328-S,BGEM_Tall_late
3263,2022,BGEM-0027-S,BGEM_Tall_late
3264,2022,BGEM-0193-N,BGEM_Tall_late
3265,2022,BGEM-0070-S,BGEM_Tall_late
3266,2022,BGEM-0158-S,BGEM_Tall_late
3267,2022,BGEM-0264-S,BGEM_Tall_late
3268,2022,BGEM-0309-S,BGEM_Tall_late
3269,2022,MO17,BGEM_Tall_late
3270,2022,BGEM-0060-S,BGEM_Tall_late
3271,2022,BGEM-0155-S,BGEM_Tall_late
3272,2022,BGEM-0052-S,BGEM_Tall_late
3273,2022,BGEM-0131-N,BGEM_Tall_late
3274,2022,BGEM-0003-N,BGEM_Tall_late
3275,2022,BGEM-0324-N,BGEM_Tall_late
3276,2022,BGEM-0077-S,BGEM_Short_early
3277,2022,BGEM-0085-N,BGEM_Short_early
3278,2022,B73,BGEM_Short_early
3279,2022,BGEM-0326-N,BGEM_Short_early
3280,2022,BGEM-0320-N,BGEM_Short_early
3281,2022,BGEM-0024-S,BGEM_Short_early
3282,2022,BGEM-0013-S,BGEM_Short_early
3283,2022,Mo17,BGEM_Short_early
3284,2022,BGEM-0012-S,BGEM_Short_early
3285,2022,BGEM-0023-S,BGEM_Short_early
3286,2022,MO17,BGEM_Short_early
3287,2022,BGEM-0112-S,BGEM_Short_early
3288,2022,BGEM-0197-S,BGEM_Short_early
3289,2022,BGEM-0154-S,BGEM_Short_early
3290,2022,BGEM-0180-S,BGEM_Short_early
3291,2022,BGEM-0137-S,BGEM_Short_early
3292,2022,BGEM-0030-S,BGEM_Short_early
3293,2022,BGEM-0327-N,BGEM_Short_early
3294,2022,B73,BGEM_Short_early
3295,2022,BGEM-0111-S,BGEM_Short_early
3296,2022,BGEM-0050-S,BGEM_Short_early
3297,2022,BGEM-0040-N,BGEM_Short_early
3298,2022,BGEM-0129-N,BGEM_Short_early
3299,2022,BGEM-0219-S,BGEM_Short_early
3300,2022,BGEM-0066-N,BGEM_Short_early
3301,2022,BGEM-0175-S,BGEM_Tall_late
3302,2022,MO17,BGEM_Tall_late
3303,2022,BGEM-0233-S,BGEM_Tall_late
3304,2022,BGEM-0124-N,BGEM_Tall_late
3305,2022,BGEM-0223-N,BGEM_Tall_late
3306,2022,BGEM-0061-N,BGEM_Tall_late
3307,2022,BGEM-0087-N,BGEM_Tall_late
3308,2022,BGEM-0238-N,BGEM_Tall_late
3309,2022,BGEM-0257-S,BGEM_Tall_late
3310,2022,B73,BGEM_Tall_late
3311,2022,BGEM-0240-N,BGEM_Tall_late
3312,2022,BGEM-0168-S,BGEM_Tall_late
3313,2022,BGEM-0033-S,BGEM_Tall_late
3314,2022,BGEM-0284-N,BGEM_Tall_late
3315,2022,BGEM-0121-N,BGEM_Tall_late
3316,2022,BGEM-0019-S,BGEM_Tall_late
3317,2022,BGEM-0072-S,BGEM_Tall_late
3318,2022,MO17,BGEM_Tall_late
3319,2022,BGEM-0159-S,BGEM_Tall_late
3320,2022,BGEM-0208-N,BGEM_Tall_late
3321,2022,BGEM-0021-S,BGEM_Tall_late
3322,2022,BGEM-0064-N,BGEM_Tall_late
3323,2022,BGEM-0277-S,BGEM_Tall_late
3324,2022,BGEM-0057-S,BGEM_Tall_late
3325,2022,B73,BGEM_Tall_late
3326,2022,BGEM-0253-N,BGEM_Short_early
3327,2022,MO17,BGEM_Short_early
3328,2022,BGEM-0094-S,BGEM_Short_early
3329,2022,BGEM-0286-N,BGEM_Short_early
3330,2022,BGEM-0055-S,BGEM_Short_early
3331,2022,BGEM-0276-S,BGEM_Short_early
3332,2022,BGEM-0310-S,BGEM_Short_early
3333,2022,BGEM-0167-S,BGEM_Short_early
3334,2022,BGEM-0227-N,BGEM_Short_early
3335,2022,B73,BGEM_Short_early
3336,2022,BGEM-0095-S,BGEM_Short_early
3337,2022,BGEM-0229-N,BGEM_Short_early
3338,2022,BGEM-0319-S,BGEM_Short_early
3339,2022,BGEM-0150-S,BGEM_Short_early
3340,2022,BGEM-0202-N,BGEM_Short_early
3341,2022,BGEM-0207-N,BGEM_Short_early
3342,2022,BGEM-0116-S,BGEM_Short_early
3343,2022,MO17,BGEM_Short_early
3344,2022,BGEM-0162-S,BGEM_Short_early
3345,2022,BGEM-0282-N,BGEM_Short_early
3346,2022,BGEM-0149-S,BGEM_Short_early
3347,2022,BGEM-0141-N,BGEM_Short_early
3348,2022,BGEM-0115-S,BGEM_Short_early
3349,2022,BGEM-0083-S,BGEM_Short_early
3350,2022,B73,BGEM_Short_early
3351,2022,PHZ51 x PHG35,Hybrid
3352,2022,PHG50 x PHG47,Hybrid
3353,2022,PHG47 x PHZ51,Hybrid
3354,2022,PHB47 x PHW52,Hybrid
3355,2022,BGEM-0207-N X B73,Hybrid
3356,2022,BGEM-0216-N X B73,Hybrid
3357,2022,BGEM-0227-N X B73,Hybrid
3358,2022,Mo17,Hybrid
3359,2022,BGEM-0256-N X B73,Hybrid
3360,2022,PHB47 x PHK29,Hybrid
3361,2022,Mo17,Hybrid
3362,2022,BGEM-0039-N X B73,Hybrid
3363,2022,BGEM-0145-N X B73,Hybrid
3364,2022,BGEM-0230-N X B73,Hybrid
3365,2022,BGEM-0152-N X B73,Hybrid
3366,2022,B73 X Mo17,Hybrid
3367,2022,BGEM-0061-N X B73,Hybrid
3368,2022,BGEM-0002-N X B73,Hybrid
3369,2022,BGEM-0181-N X B73,Hybrid
3370,2022,BGEM-0130-N X B73,Hybrid
3371,2022,BGEM-0235-N X B73,Hybrid
3372,2022,PHG86 x PHW52,Hybrid
3373,2022,BGEM-0183-N X B73,Hybrid
3374,2022,BGEM-0003-N X B73,Hybrid
3375,2022,BGEM-0211-N X B73,Hybrid
3376,2022,BGEM-0091-N X B73,Hybrid
3377,2022,BGEM-0062-N X B73,Hybrid
3378,2022,PHJ40 x PHW52,Hybrid
3379,2022,BGEM-0210-N X B73,Hybrid
3380,2022,BGEM-0184-N X B73,Hybrid
3381,2022,Mo17,Hybrid
3382,2022,BGEM-0209-N X B73,Hybrid
3383,2022,BGEM-0129-N X B73,Hybrid
3384,2022,LH123 x PHG50,Hybrid
3385,2022,BGEM-0125-N X B73,Hybrid
3386,2022,BGEM-0089-N X B73,Hybrid
3387,2022,BGEM-0058-N X B73,Hybrid
3388,2022,PHG47 X PHZ51,Hybrid
3389,2022,BGEM-0238-N X B73,Hybrid
3390,2022,PHB47 x PHK29,Hybrid
3391,2022,BGEM-0131-N X B73,Hybrid
3392,2022,BGEM-0064-N X B73,Hybrid
3393,2022,BGEM-0124-N X B73,Hybrid
3394,2022,B73,Hybrid
3395,2022,BGEM-0237-N X B73,Hybrid
3396,2022,PHG47 x PHG50,Hybrid
3397,2022,BGEM-0109-N X B73,Hybrid
3398,2022,BGEM-0242-N X B73,Hybrid
3399,2022,BGEM-0038-N X B73,Hybrid
3400,2022,BGEM-0249-N X B73,Hybrid
3401,2022,BGEM-0126-N X B73,Hybrid
3402,2022,PHG47 x PHG50,Hybrid
3403,2022,BGEM-0005-N X B73,Hybrid
3404,2022,BGEM-0122-N X B73,Hybrid
3405,2022,BGEM-0224-N X B73,Hybrid
3406,2022,BGEM-0191-N X B73,Hybrid
3407,2022,BGEM-0174-N X B73,Hybrid
3408,2022,PHG47 x LH59,Hybrid
3409,2022,BGEM-0102-N X B73,Hybrid
3410,2022,BGEM-0231-N X B73,Hybrid
3411,2022,BGEM-0182-N X B73,Hybrid
3412,2022,BGEM-0121-N X B73,Hybrid
3413,2022,BGEM-0085-N X B73,Hybrid
3414,2022,PHG47 x LH59,Hybrid
3415,2022,BGEM-0040-N X B73,Hybrid
3416,2022,BGEM-0223-N X B73,Hybrid
3417,2022,BGEM-0141-N X B73,Hybrid
3418,2022,BGEM-0123-N X B73,Hybrid
3419,2022,BGEM-0239-N X B73,Hybrid
3420,2022,PHZ51 x PHG35,Hybrid
3421,2022,BGEM-0046-N X B73,Hybrid
3422,2022,BGEM-0105-N X B73,Hybrid
3423,2022,BGEM-0103-N X B73,Hybrid
3424,2022,BGEM-0143-N X B73,Hybrid
3425,2022,BGEM-0004-N X B73,Hybrid
3426,2022,LH74 X LH123,Hybrid
3427,2022,BGEM-0140-N X B73,Hybrid
3428,2022,BGEM-0107-N X B73,Hybrid
3429,2022,BGEM-0194-N X B73,Hybrid
3430,2022,BGEM-0063-N X B73,Hybrid
3431,2022,Mo17,Hybrid
3432,2022,LH109 x LH123,Hybrid
3433,2022,BGEM-0196-N X B73,Hybrid
3434,2022,BGEM-0229-N X B73,Hybrid
3435,2022,BGEM-0110-N X B73,Hybrid
3436,2022,BGEM-0228-N X B73,Hybrid
3437,2022,BGEM-0202-N X B73,Hybrid
3438,2022,PHB47 x PHW52,Hybrid
3439,2022,BGEM-0205-N X B73,Hybrid
3440,2022,BGEM-0185-N X B73,Hybrid
3441,2022,B73,Hybrid
3442,2022,BGEM-0144-N X B73,Hybrid
3443,2022,BGEM-0086-N X B73,Hybrid
3444,2022,PHG86 x B73,Hybrid
3445,2022,BGEM-0088-N X B73,Hybrid
3446,2022,BGEM-0215-N X B73,Hybrid
3447,2022,BGEM-0151-N X B73,Hybrid
3448,2022,BGEM-0087-N X B73,Hybrid
3449,2022,BGEM-0045-N X B73,Hybrid
3450,2022,PHB47 x PHG86,Hybrid
3451,2022,BGEM-0127-N X B73,Hybrid
3452,2022,BGEM-0240-N X B73,Hybrid
3453,2022,BGEM-0026-S X Mo17,Hybrid
3454,2022,LH109 X LH59,Hybrid
3455,2022,BGEM-0075-S X Mo17,Hybrid
3456,2022,BGEM-0158-S X Mo17,Hybrid
3457,2022,BGEM-0079-S X Mo17,Hybrid
3458,2022,PHB47 x PHG86,Hybrid
3459,2022,BGEM-0029-S X Mo17,Hybrid
3460,2022,BGEM-0222-S X Mo17,Hybrid
3461,2022,BGEM-0051-S X Mo17,Hybrid
3462,2022,BGEM-0084-S X Mo17,Hybrid
3463,2022,BGEM-0054-S X Mo17,Hybrid
3464,2022,PHB47 x PHK29,Hybrid
3465,2022,BGEM-0175-S X Mo17,Hybrid
3466,2022,BGEM-0199-S X Mo17,Hybrid
3467,2022,BGEM-0177-S X Mo17,Hybrid
3468,2022,BGEM-0134-S X Mo17,Hybrid
3469,2022,BGEM-0048-S X Mo17,Hybrid
3470,2022,PHB47 x PHW52,Hybrid
3471,2022,BGEM-0019-S X Mo17,Hybrid
3472,2022,BGEM-0257-S X Mo17,Hybrid
3473,2022,BGEM-0200-S X Mo17,Hybrid
3474,2022,BGEM-0098-S X Mo17,Hybrid
3475,2022,BGEM-0034-S X Mo17,Hybrid
3476,2022,PHG47 x PHZ51,Hybrid
3477,2022,BGEM-0233-S X Mo17,Hybrid
3478,2022,BGEM-0197-S X Mo17,Hybrid
3479,2022,BGEM-0057-S X Mo17,Hybrid
3480,2022,BGEM-0159-S X Mo17,Hybrid
3481,2022,BGEM-0011-S X Mo17,Hybrid
3482,2022,PHG86 x LHB2,Hybrid
3483,2022,BGEM-0070-S X Mo17,Hybrid
3484,2022,BGEM-0245-S X Mo17,Hybrid
3485,2022,BGEM-0044-S X Mo17,Hybrid
3486,2022,BGEM-0115-S X Mo17,Hybrid
3487,2022,BGEM-0014-S X Mo17,Hybrid
3488,2022,PHG86 x PHW52,Hybrid
3489,2022,BGEM-0053-S X Mo17,Hybrid
3490,2022,BGEM-0117-S X Mo17,Hybrid
3491,2022,BGEM-0156-S X Mo17,Hybrid
3492,2022,BGEM-0006-S X Mo17,Hybrid
3493,2022,BGEM-0015-S X Mo17,Hybrid
3494,2022,PHG89 x PHW52,Hybrid
3495,2022,BGEM-0153-S X Mo17,Hybrid
3496,2022,BGEM-0072-S X Mo17,Hybrid
3497,2022,BGEM-0136-S X Mo17,Hybrid
3498,2022,BGEM-0226-S X Mo17,Hybrid
3499,2022,BGEM-0068-S X Mo17,Hybrid
3500,2022,PHK29 x PHW52,Hybrid
3501,2022,BGEM-0036-S X Mo17,Hybrid
3502,2022,BGEM-0012-S X Mo17,Hybrid
3503,2022,BGEM-0032-S X Mo17,Hybrid
3504,2022,BGEM-0033-S X Mo17,Hybrid
3505,2022,BGEM-0060-S X Mo17,Hybrid
3506,2022,PHJ40 x PHK29,Hybrid
3507,2022,BGEM-0254-S X Mo17,Hybrid
3508,2022,BGEM-0214-S X Mo17,Hybrid
3509,2022,BGEM-0049-S X Mo17,Hybrid
3510,2022,BGEM-0092-S X Mo17,Hybrid
3511,2022,BGEM-0162-S X Mo17,Hybrid
3512,2022,B73 X Mo17,Hybrid
3513,2022,BGEM-0148-S X Mo17,Hybrid
3514,2022,BGEM-0221-S X Mo17,Hybrid
3515,2022,BGEM-0052-S X Mo17,Hybrid
3516,2022,BGEM-0179-S X Mo17,Hybrid
3517,2022,BGEM-0258-S X Mo17,Hybrid
3518,2022,B73 X Mo17,Hybrid
3519,2022,BGEM-0219-S X Mo17,Hybrid
3520,2022,BGEM-0154-S X Mo17,Hybrid
3521,2022,BGEM-0262-S X Mo17,Hybrid
3522,2022,BGEM-0188-S X Mo17,Hybrid
3523,2022,BGEM-0024-S X Mo17,Hybrid
3524,2022,B73 X Mo17,Hybrid
3525,2022,BGEM-0170-S X Mo17,Hybrid
3526,2022,BGEM-0264-S X Mo17,Hybrid
3527,2022,BGEM-0071-S X Mo17,Hybrid
3528,2022,BGEM-0171-S X Mo17,Hybrid
3529,2022,BGEM-0220-S X Mo17,Hybrid
3530,2022,B73 X Mo17,Hybrid
3531,2022,BGEM-0243-S X Mo17,Hybrid
3532,2022,BGEM-0055-S X Mo17,Hybrid
3533,2022,BGEM-0078-S X Mo17,Hybrid
3534,2022,BGEM-0165-S X Mo17,Hybrid
3535,2022,BGEM-0178-S X Mo17,Hybrid
3536,2022,B73 X Mo17,Hybrid
3537,2022,BGEM-0112-S X Mo17,Hybrid
3538,2022,BGEM-0180-S X Mo17,Hybrid
3539,2022,BGEM-0116-S X Mo17,Hybrid
3540,2022,BGEM-0244-S X Mo17,Hybrid
3541,2022,BGEM-0167-S X Mo17,Hybrid
3542,2022,B73 X Mo17,Hybrid
3543,2022,BGEM-0236-S X Mo17,Hybrid
3544,2022,BGEM-0251-S X Mo17,Hybrid
3545,2022,BGEM-0261-S X Mo17,Hybrid
3546,2022,BGEM-0163-S X Mo17,Hybrid
3547,2022,BGEM-0081-S X Mo17,Hybrid
3548,2022,B73 X Mo17,Hybrid
3549,2022,BGEM-0263-S X Mo17,Hybrid
3550,2022,BGEM-0082-S X Mo17,Hybrid
3551,2022,BGEM-0147-S X Mo17,Hybrid
3552,2022,BGEM-0137-S X Mo17,Hybrid
3553,2022,BGEM-0252-S X Mo17,Hybrid
3554,2022,B73 X Mo17,Hybrid
3555,2022,BGEM-0101-S X Mo17,Hybrid
3556,2022,BGEM-0056-S X Mo17,Hybrid
3557,2022,BGEM-0059-S X Mo17,Hybrid
3558,2022,BGEM-0108-S X Mo17,Hybrid
3559,2022,BGEM-0043-S X Mo17,Hybrid
3560,2022,B73 X Mo17,Hybrid
3561,2022,BGEM-0094-S X Mo17,Hybrid
3562,2022,BGEM-0077-S X Mo17,Hybrid
3563,2022,BGEM-0164-S X Mo17,Hybrid
3564,2022,BGEM-0118-S X Mo17,Hybrid
3565,2022,BGEM-0187-S X Mo17,Hybrid
3566,2022,B73 X Mo17,Hybrid
3567,2022,BGEM-0083-S X Mo17,Hybrid
3568,2022,BGEM-0111-S X Mo17,Hybrid
3569,2022,BGEM-0168-S X Mo17,Hybrid
3570,2022,BGEM-0255-S X Mo17,Hybrid
3571,2022,BGEM-0173-S X Mo17,Hybrid
3572,2022,B73 X Mo17,Hybrid
3573,2022,BGEM-0023-S X Mo17,Hybrid
3574,2022,BGEM-0189-S X Mo17,Hybrid
3575,2022,BGEM-0198-S X Mo17,Hybrid
3576,2022,BGEM-0076-S X Mo17,Hybrid
3577,2022,BGEM-0113-S X Mo17,Hybrid
3578,2022,B73 X Mo17,Hybrid
3579,2022,BGEM-0035-S X Mo17,Hybrid
3580,2022,BGEM-0250-S X Mo17,Hybrid
3581,2022,BGEM-0028-S X Mo17,Hybrid
3582,2022,BGEM-0022-S X Mo17,Hybrid
3583,2022,BGEM-0050-S X Mo17,Hybrid
3584,2022,B73 X Mo17,Hybrid
3585,2022,BGEM-0218-S X Mo17,Hybrid
3586,2022,BGEM-0027-S X Mo17,Hybrid
3587,2022,BGEM-0114-S X Mo17,Hybrid
3588,2022,BGEM-0047-S X Mo17,Hybrid
3589,2022,BGEM-0021-S X Mo17,Hybrid
3590,2022,LH132 x B73,Hybrid
3591,2022,BGEM-0010-S X Mo17,Hybrid
3592,2022,BGEM-0030-S X Mo17,Hybrid
3593,2022,BGEM-0073-S X Mo17,Hybrid
3594,2022,BGEM-0160-S X Mo17,Hybrid
3595,2022,BGEM-0161-S X Mo17,Hybrid
3596,2022,LH123 x LH59,Hybrid
3597,2022,LH109 x LH59,Hybrid
3598,2022,LH109 x LH59,Hybrid
3599,2022,PHZ51 x LH123,Hybrid
3600,2022,LH132 x B73,Hybrid
4001,2022,BGEM-0242-N,BGEM_Short_late
4002,2022,BGEM-0249-N,BGEM_Short_late
4003,2022,BGEM-0164-S,BGEM_Short_late
4004,2022,BGEM-0262-S,BGEM_Short_late
4005,2022,BGEM-0268-S,BGEM_Short_late
4006,2022,BGEM-0181-N,BGEM_Short_late
4007,2022,BGEM-0120-N,BGEM_Short_late
4008,2022,MO17,BGEM_Short_late
4009,2022,BGEM-0228-N,BGEM_Short_late
4010,2022,BGEM-0220-S,BGEM_Short_late
4011,2022,BGEM-0026-S,BGEM_Short_late
4012,2022,BGEM-0259-N,BGEM_Short_late
4013,2022,BGEM-0246-N,BGEM_Short_late
4014,2022,BGEM-0281-N,BGEM_Short_late
4015,2022,BGEM-0073-S,BGEM_Short_late
4016,2022,B73,BGEM_Short_late
4017,2022,BGEM-0048-S,BGEM_Short_late
4018,2022,BGEM-0230-N,BGEM_Short_late
4019,2022,BGEM-0071-S,BGEM_Short_late
4020,2022,BGEM-0306-S,BGEM_Short_late
4021,2022,BGEM-0035-S,BGEM_Short_late
4022,2022,BGEM-0269-S,BGEM_Short_late
4023,2022,BGEM-0036-S,BGEM_Short_late
4024,2022,MO17,BGEM_Short_late
4025,2022,BGEM-0102-N,BGEM_Short_late
4026,2022,BGEM-0312-S,BGEM_Tall_late
4027,2022,BGEM-0245-S,BGEM_Tall_late
4028,2022,BGEM-0292-S,BGEM_Tall_late
4029,2022,BGEM-0075-S,BGEM_Tall_late
4030,2022,BGEM-0204-N,BGEM_Tall_late
4031,2022,BGEM-0015-S,BGEM_Tall_late
4032,2022,BGEM-0166-S,BGEM_Tall_late
4033,2022,B73,BGEM_Tall_late
4034,2022,BGEM-0237-N,BGEM_Tall_late
4035,2022,BGEM-0152-N,BGEM_Tall_late
4036,2022,BGEM-0103-N,BGEM_Tall_late
4037,2022,BGEM-0308-S,BGEM_Tall_late
4038,2022,BGEM-0231-N,BGEM_Tall_late
4039,2022,BGEM-0210-N,BGEM_Tall_late
4040,2022,BGEM-0065-N,BGEM_Tall_late
4041,2022,MO17,BGEM_Tall_late
4042,2022,BGEM-0178-S,BGEM_Tall_late
4043,2022,BGEM-0106-N,BGEM_Tall_late
4044,2022,BGEM-0069-S,BGEM_Tall_late
4045,2022,BGEM-0043-S,BGEM_Tall_late
4046,2022,BGEM-0239-N,BGEM_Tall_late
4047,2022,BGEM-0325-N,BGEM_Tall_late
4048,2022,BGEM-0290-N,BGEM_Tall_late
4049,2022,B73,BGEM_Tall_late
4050,2022,BGEM-0165-S,BGEM_Tall_late
4051,2022,BGEM-0305-S,BGEM_Short_late
4052,2022,BGEM-0089-N,BGEM_Short_late
4053,2022,BGEM-0174-N,BGEM_Short_late
4054,2022,BGEM-0067-S,BGEM_Short_late
4055,2022,BGEM-0288-S,BGEM_Short_late
4056,2022,BGEM-0161-S,BGEM_Short_late
4057,2022,MO17,BGEM_Short_late
4058,2022,BGEM-0088-N,BGEM_Short_late
4059,2022,BGEM-0187-S,BGEM_Short_late
4060,2022,BGEM-0170-S,BGEM_Short_late
4061,2022,BGEM-0107-N,BGEM_Short_late
4062,2022,BGEM-0225-N,BGEM_Short_late
4063,2022,BGEM-0226-S,BGEM_Short_late
4064,2022,BGEM-0169-S,BGEM_Short_late
4065,2022,B73,BGEM_Short_late
4066,2022,BGEM-0191-N,BGEM_Short_late
4067,2022,BGEM-0074-S,BGEM_Short_late
4068,2022,BGEM-0323-S,BGEM_Short_late
4069,2022,BGEM-0029-S,BGEM_Short_late
4070,2022,BGEM-0190-N,BGEM_Short_late
4071,2022,BGEM-0022-S,BGEM_Short_late
4072,2022,BGEM-0028-S,BGEM_Short_late
4073,2022,MO17,BGEM_Short_late
4074,2022,BGEM-0291-N,BGEM_Short_late
4075,2022,BGEM-0296-S,BGEM_Short_late
4076,2022,BGEM-0160-S,BGEM_Tall_late
4077,2022,BGEM-0172-S,BGEM_Tall_late
4078,2022,BGEM-0192-N,BGEM_Tall_late
4079,2022,BGEM-0211-N,BGEM_Tall_late
4080,2022,BGEM-0014-S,BGEM_Tall_late
4081,2022,BGEM-0235-N,BGEM_Tall_late
4082,2022,B73,BGEM_Tall_late
4083,2022,BGEM-0250-S,BGEM_Tall_late
4084,2022,BGEM-0183-N,BGEM_Tall_late
4085,2022,BGEM-0213-S,BGEM_Tall_late
4086,2022,BGEM-0056-S,BGEM_Tall_late
4087,2022,BGEM-0294-N,BGEM_Tall_late
4088,2022,BGEM-0196-N,BGEM_Tall_late
4089,2022,BGEM-0051-S,BGEM_Tall_late
4090,2022,MO17,BGEM_Tall_late
4091,2022,BGEM-0188-S,BGEM_Tall_late
4092,2022,BGEM-0011-S,BGEM_Tall_late
4093,2022,BGEM-0038-N,BGEM_Tall_late
4094,2022,BGEM-0307-S,BGEM_Tall_late
4095,2022,BGEM-0252-S,BGEM_Tall_late
4096,2022,BGEM-0134-S,BGEM_Tall_late
4097,2022,BGEM-0293-N,BGEM_Tall_late
4098,2022,B73,BGEM_Tall_late
4099,2022,BGEM-0328-S,BGEM_Tall_late
4100,2022,BGEM-0027-S,BGEM_Tall_late
4101,2022,BGEM-0289-N,BGEM_Short_late
4102,2022,BGEM-0151-N,BGEM_Short_late
4103,2022,BGEM-0084-S,BGEM_Short_late
4104,2022,BGEM-0200-S,BGEM_Short_late
4105,2022,BGEM-0101-S,BGEM_Short_late
4106,2022,MO17,BGEM_Short_late
4107,2022,BGEM-0303-N,BGEM_Short_late
4108,2022,BGEM-0224-N,BGEM_Short_late
4109,2022,BGEM-0270-S,BGEM_Short_late
4110,2022,BGEM-0279-S,BGEM_Short_late
4111,2022,BGEM-0004-N,BGEM_Short_late
4112,2022,BGEM-0260-N,BGEM_Short_late
4113,2022,BGEM-0256-N,BGEM_Short_late
4114,2022,B73,BGEM_Short_late
4115,2022,BGEM-0218-S,BGEM_Short_late
4116,2022,BGEM-0163-S,BGEM_Short_late
4117,2022,BGEM-0247-N,BGEM_Short_late
4118,2022,BGEM-0287-N,BGEM_Short_late
4119,2022,BGEM-0059-S,BGEM_Short_late
4120,2022,BGEM-0173-S,BGEM_Short_late
4121,2022,BGEM-0108-S,BGEM_Short_late
4122,2022,MO17,BGEM_Short_late
4123,2022,BGEM-0297-N,BGEM_Short_late
4124,2022,BGEM-0185-N,BGEM_Short_late
4125,2022,BGEM-0157-N,BGEM_Short_late
4126,2022,BGEM-0193-N,BGEM_Tall_late
4127,2022,BGEM-0070-S,BGEM_Tall_late
4128,2022,BGEM-0158-S,BGEM_Tall_late
4129,2022,BGEM-0264-S,BGEM_Tall_late
4130,2022,BGEM-0309-S,BGEM_Tall_late
4131,2022,B73,BGEM_Tall_late
4132,2022,BGEM-0060-S,BGEM_Tall_late
4133,2022,BGEM-0155-S,BGEM_Tall_late
4134,2022,BGEM-0052-S,BGEM_Tall_late
4135,2022,BGEM-0131-N,BGEM_Tall_late
4136,2022,BGEM-0003-N,BGEM_Tall_late
4137,2022,BGEM-0324-N,BGEM_Tall_late
4138,2022,BGEM-0175-S,BGEM_Tall_late
4139,2022,MO17,BGEM_Tall_late
4140,2022,BGEM-0233-S,BGEM_Tall_late
4141,2022,BGEM-0124-N,BGEM_Tall_late
4142,2022,BGEM-0223-N,BGEM_Tall_late
4143,2022,BGEM-0061-N,BGEM_Tall_late
4144,2022,BGEM-0087-N,BGEM_Tall_late
4145,2022,BGEM-0238-N,BGEM_Tall_late
4146,2022,BGEM-0257-S,BGEM_Tall_late
4147,2022,B73,BGEM_Tall_late
4148,2022,BGEM-0240-N,BGEM_Tall_late
4149,2022,BGEM-0168-S,BGEM_Tall_late
4150,2022,BGEM-0033-S,BGEM_Tall_late
4151,2022,BGEM-0322-S,BGEM_Short_late
4152,2022,BGEM-0100-S,BGEM_Short_late
4153,2022,BGEM-0090-N,BGEM_Short_late
4154,2022,BGEM-0034-S,BGEM_Short_late
4155,2022,MO17,BGEM_Short_late
4156,2022,BGEM-0097-S,BGEM_Short_late
4157,2022,BGEM-0285-N,BGEM_Short_late
4158,2022,BGEM-0216-N,BGEM_Short_late
4159,2022,BGEM-0316-S,BGEM_Short_late
4160,2022,BGEM-0153-S,BGEM_Short_late
4161,2022,BGEM-0186-S,BGEM_Short_late
4162,2022,BGEM-0042-S,BGEM_Short_late
4163,2022,B73,BGEM_Short_late
4164,2022,BGEM-0318-S,BGEM_Short_early
4165,2022,BGEM-0321-S,BGEM_Short_early
4166,2022,BGEM-0008-S,BGEM_Short_early
4167,2022,BGEM-0113-S,BGEM_Short_early
4168,2022,BGEM-0140-N,BGEM_Short_early
4169,2022,BGEM-0221-S,BGEM_Short_early
4170,2022,BGEM-0047-S,BGEM_Short_early
4171,2022,MO17,BGEM_Short_early
4172,2022,BGEM-0136-S,BGEM_Short_early
4173,2022,BGEM-0244-S,BGEM_Short_early
4174,2022,BGEM-0020-S,BGEM_Short_early
4175,2022,BGEM-0118-S,BGEM_Short_early
4176,2022,BGEM-0284-N,BGEM_Tall_late
4177,2022,BGEM-0121-N,BGEM_Tall_late
4178,2022,BGEM-0019-S,BGEM_Tall_late
4179,2022,BGEM-0072-S,BGEM_Tall_late
4180,2022,B73,BGEM_Tall_late
4181,2022,BGEM-0159-S,BGEM_Tall_late
4182,2022,BGEM-0208-N,BGEM_Tall_late
4183,2022,BGEM-0021-S,BGEM_Tall_late
4184,2022,BGEM-0064-N,BGEM_Tall_late
4185,2022,BGEM-0277-S,BGEM_Tall_late
4186,2022,BGEM-0057-S,BGEM_Tall_late
4187,2022,MO17,BGEM_Tall_late
4188,2022,B73,BGEM_Tall_early
4189,2022,BGEM-0144-N,BGEM_Tall_early
4190,2022,BGEM-0236-S,BGEM_Tall_early
4191,2022,BGEM-0171-S,BGEM_Tall_early
4192,2022,BGEM-0198-S,BGEM_Tall_early
4193,2022,BGEM-0049-S,BGEM_Tall_early
4194,2022,BGEM-0058-N,BGEM_Tall_early
4195,2022,BGEM-0007-S,BGEM_Tall_early
4196,2022,MO17,BGEM_Tall_early
4197,2022,BGEM-0125-N,BGEM_Tall_early
4198,2022,BGEM-0206-N,BGEM_Tall_early
4199,2022,BGEM-0092-S,BGEM_Tall_early
4200,2022,BGEM-0280-S,BGEM_Tall_early
4201,2022,BGEM-0032-S,BGEM_Short_early
4202,2022,BGEM-0039-N,BGEM_Short_early
4203,2022,BGEM-0080-S,BGEM_Short_early
4204,2022,B73,BGEM_Short_early
4205,2022,BGEM-0179-S,BGEM_Short_early
4206,2022,BGEM-0214-S,BGEM_Short_early
4207,2022,BGEM-0109-N,BGEM_Short_early
4208,2022,BGEM-0082-S,BGEM_Short_early
4209,2022,BGEM-0114-S,BGEM_Short_early
4210,2022,BGEM-0222-S,BGEM_Short_early
4211,2022,BGEM-0079-S,BGEM_Short_early
4212,2022,MO17,BGEM_Short_early
4213,2022,BGEM-0099-S,BGEM_Short_early
4214,2022,BGEM-0314-S,BGEM_Short_early
4215,2022,BGEM-0068-S,BGEM_Short_early
4216,2022,BGEM-0010-S,BGEM_Short_early
4217,2022,BGEM-0255-S,BGEM_Short_early
4218,2022,BGEM-0266-S,BGEM_Short_early
4219,2022,BGEM-0298-S,BGEM_Short_early
4220,2022,B73,BGEM_Short_early
4221,2022,BGEM-0203-N,BGEM_Short_early
4222,2022,BGEM-0184-N,BGEM_Short_early
4223,2022,BGEM-0123-N,BGEM_Short_early
4224,2022,BGEM-0037-S,BGEM_Short_early
4225,2022,BGEM-0117-S,BGEM_Short_early
4226,2022,BGEM-0295-S,BGEM_Tall_early
4227,2022,BGEM-0148-S,BGEM_Tall_early
4228,2022,BGEM-0045-N,BGEM_Tall_early
4229,2022,MO17,BGEM_Tall_early
4230,2022,BGEM-0300-S,BGEM_Tall_early
4231,2022,BGEM-0078-N,BGEM_Tall_early
4232,2022,BGEM-0299-N,BGEM_Tall_early
4233,2022,BGEM-0302-S,BGEM_Tall_early
4234,2022,BGEM-0145-N,BGEM_Tall_early
4235,2022,BGEM-0199-S,BGEM_Tall_early
4236,2022,BGEM-0122-N,BGEM_Tall_early
4237,2022,B73,BGEM_Tall_early
4238,2022,BGEM-0054-S,BGEM_Tall_early
4239,2022,BGEM-0146-N,BGEM_Tall_early
4240,2022,BGEM-0243-S,BGEM_Tall_early
4241,2022,BGEM-0130-N,BGEM_Tall_early
4242,2022,BGEM-0304-N,BGEM_Tall_early
4243,2022,BGEM-0086-N,BGEM_Tall_early
4244,2022,BGEM-0283-N,BGEM_Tall_early
4245,2022,MO17,BGEM_Tall_early
4246,2022,BGEM-0046-N,BGEM_Tall_early
4247,2022,BGEM-0138-S,BGEM_Tall_early
4248,2022,BGEM-0217-S,BGEM_Tall_early
4249,2022,BGEM-0127-N,BGEM_Tall_early
4250,2022,BGEM-0182-N,BGEM_Tall_early
4251,2022,BGEM-0077-S,BGEM_Short_early
4252,2022,BGEM-0085-N,BGEM_Short_early
4253,2022,B73,BGEM_Short_early
4254,2022,BGEM-0326-N,BGEM_Short_early
4255,2022,BGEM-0320-N,BGEM_Short_early
4256,2022,BGEM-0024-S,BGEM_Short_early
4257,2022,BGEM-0013-S,BGEM_Short_early
4258,2022,Mo17,BGEM_Short_early
4259,2022,BGEM-0012-S,BGEM_Short_early
4260,2022,BGEM-0023-S,BGEM_Short_early
4261,2022,MO17,BGEM_Short_early
4262,2022,BGEM-0112-S,BGEM_Short_early
4263,2022,BGEM-0197-S,BGEM_Short_early
4264,2022,BGEM-0154-S,BGEM_Short_early
4265,2022,BGEM-0180-S,BGEM_Short_early
4266,2022,BGEM-0137-S,BGEM_Short_early
4267,2022,BGEM-0030-S,BGEM_Short_early
4268,2022,BGEM-0327-N,BGEM_Short_early
4269,2022,B73,BGEM_Short_early
4270,2022,BGEM-0111-S,BGEM_Short_early
4271,2022,BGEM-0050-S,BGEM_Short_early
4272,2022,BGEM-0040-N,BGEM_Short_early
4273,2022,BGEM-0129-N,BGEM_Short_early
4274,2022,BGEM-0219-S,BGEM_Short_early
4275,2022,BGEM-0066-N,BGEM_Short_early
4276,2022,BGEM-0313-S,BGEM_Tall_early
4277,2022,BGEM-0025-S,BGEM_Tall_early
4278,2022,MO17,BGEM_Tall_early
4279,2022,BGEM-0261-S,BGEM_Tall_early
4280,2022,BGEM-0278-S,BGEM_Tall_early
4281,2022,BGEM-0062-N,BGEM_Tall_early
4282,2022,BGEM-0272-S,BGEM_Tall_early
4283,2022,BGEM-0053-S,BGEM_Tall_early
4284,2022,BGEM-0091-N,BGEM_Tall_early
4285,2022,BGEM-0205-N,BGEM_Tall_early
4286,2022,B73,BGEM_Tall_early
4287,2022,BGEM-0078-S,BGEM_Tall_early
4288,2022,BGEM-0263-S,BGEM_Tall_early
4289,2022,BGEM-0041-S,BGEM_Tall_early
4290,2022,BGEM-0189-S,BGEM_Tall_early
4291,2022,BGEM-0143-N,BGEM_Tall_early
4292,2022,BGEM-0156-S,BGEM_Tall_early
4293,2022,BGEM-0258-S,BGEM_Tall_early
4294,2022,MO17,BGEM_Tall_early
4295,2022,BGEM-0315-S,BGEM_Tall_early
4296,2022,BGEM-0201-N,BGEM_Tall_early
4297,2022,BGEM-0063-N,BGEM_Tall_early
4298,2022,BGEM-0110-N,BGEM_Tall_early
4299,2022,BGEM-0147-S,BGEM_Tall_early
4300,2022,BGEM-0311-N,BGEM_Tall_early
4301,2022,BGEM-0253-N,BGEM_Short_early
4302,2022,B73,BGEM_Short_early
4303,2022,BGEM-0094-S,BGEM_Short_early
4304,2022,BGEM-0286-N,BGEM_Short_early
4305,2022,BGEM-0055-S,BGEM_Short_early
4306,2022,BGEM-0276-S,BGEM_Short_early
4307,2022,BGEM-0310-S,BGEM_Short_early
4308,2022,BGEM-0167-S,BGEM_Short_early
4309,2022,BGEM-0227-N,BGEM_Short_early
4310,2022,MO17,BGEM_Short_early
4311,2022,BGEM-0095-S,BGEM_Short_early
4312,2022,BGEM-0229-N,BGEM_Short_early
4313,2022,BGEM-0319-S,BGEM_Short_early
4314,2022,BGEM-0150-S,BGEM_Short_early
4315,2022,BGEM-0202-N,BGEM_Short_early
4316,2022,BGEM-0207-N,BGEM_Short_early
4317,2022,BGEM-0116-S,BGEM_Short_early
4318,2022,B73,BGEM_Short_early
4319,2022,BGEM-0162-S,BGEM_Short_early
4320,2022,BGEM-0282-N,BGEM_Short_early
4321,2022,BGEM-0149-S,BGEM_Short_early
4322,2022,BGEM-0141-N,BGEM_Short_early
4323,2022,BGEM-0115-S,BGEM_Short_early
4324,2022,BGEM-0083-S,BGEM_Short_early
4325,2022,MO17,BGEM_Short_early
4326,2022,BGEM-0031-S,BGEM_Tall_early
4327,2022,B73,BGEM_Tall_early
4328,2022,BGEM-0076-S,BGEM_Tall_early
4329,2022,BGEM-0301-S,BGEM_Tall_early
4330,2022,BGEM-0209-N,BGEM_Tall_early
4331,2022,BGEM-0018-S,BGEM_Tall_early
4332,2022,BGEM-0215-N,BGEM_Tall_early
4333,2022,BGEM-0081-S,BGEM_Tall_early
4334,2022,BGEM-0317-S,BGEM_Tall_early
4335,2022,MO17,BGEM_Tall_early
4336,2022,BGEM-0251-S,BGEM_Tall_early
4337,2022,BGEM-0212-N,BGEM_Tall_early
4338,2022,BGEM-0001-N,BGEM_Tall_early
4339,2022,BGEM-0002-N,BGEM_Tall_early
4340,2022,BGEM-0126-N,BGEM_Tall_early
4341,2022,BGEM-0254-S,BGEM_Tall_early
4342,2022,BGEM-0105-N,BGEM_Tall_early
4343,2022,B73,BGEM_Tall_early
4344,2022,BGEM-0248-N,BGEM_Tall_early
4345,2022,BGEM-0044-S,BGEM_Tall_early
4346,2022,BGEM-0005-N,BGEM_Tall_early
4347,2022,BGEM-0006-S,BGEM_Tall_early
4348,2022,BGEM-0133-S,BGEM_Tall_early
4349,2022,BGEM-0098-S,BGEM_Tall_early
4350,2022,MO17,BGEM_Tall_early
4351,2022,LH109 x LH59,Hybrid
4352,2022,LH109 x LH59,Hybrid
4353,2022,PHZ51 x LH123,Hybrid
4354,2022,LH132 x B73,Hybrid
4355,2022,BGEM-0191-N X B73,Hybrid
4356,2022,BGEM-0003-N X B73,Hybrid
4357,2022,BGEM-0088-N X B73,Hybrid
4358,2022,BGEM-0242-N X B73,Hybrid
4359,2022,BGEM-0151-N X B73,Hybrid
4360,2022,PHG86 x PHW52,Hybrid
4361,2022,BGEM-0140-N X B73,Hybrid
4362,2022,BGEM-0086-N X B73,Hybrid
4363,2022,BGEM-0124-N X B73,Hybrid
4364,2022,BGEM-0131-N X B73,Hybrid
4365,2022,BGEM-0129-N X B73,Hybrid
4366,2022,PHJ40 x PHW52,Hybrid
4367,2022,PHJ40 x PHW52,Hybrid
4368,2022,BGEM-0103-N X B73,Hybrid
4369,2022,BGEM-0005-N X B73,Hybrid
4370,2022,BGEM-0004-N X B73,Hybrid
4371,2022,BGEM-0215-N X B73,Hybrid
4372,2022,LH123 x PHG50,Hybrid
4373,2022,B73,Hybrid
4374,2022,BGEM-0058-N X B73,Hybrid
4375,2022,BGEM-0239-N X B73,Hybrid
4376,2022,BGEM-0127-N X B73,Hybrid
4377,2022,BGEM-0184-N X B73,Hybrid
4378,2022,PHB47 x PHK29,Hybrid
4379,2022,BGEM-0237-N X B73,Hybrid
4380,2022,BGEM-0102-N X B73,Hybrid
4381,2022,BGEM-0110-N X B73,Hybrid
4382,2022,BGEM-0002-N X B73,Hybrid
4383,2022,BGEM-0105-N X B73,Hybrid
4384,2022,LH74 X LH123,Hybrid
4385,2022,BGEM-0216-N X B73,Hybrid
4386,2022,BGEM-0182-N X B73,Hybrid
4387,2022,B73,Hybrid
4388,2022,BGEM-0085-N X B73,Hybrid
4389,2022,BGEM-0223-N X B73,Hybrid
4390,2022,B73 X Mo17,Hybrid
4391,2022,BGEM-0256-N X B73,Hybrid
4392,2022,BGEM-0063-N X B73,Hybrid
4393,2022,BGEM-0122-N X B73,Hybrid
4394,2022,BGEM-0227-N X B73,Hybrid
4395,2022,BGEM-0249-N X B73,Hybrid
4396,2022,B73 X Mo17,Hybrid
4397,2022,BGEM-0210-N X B73,Hybrid
4398,2022,BGEM-0202-N X B73,Hybrid
4399,2022,BGEM-0064-N X B73,Hybrid
4400,2022,BGEM-0229-N X B73,Hybrid
4401,2022,BGEM-0125-N X B73,Hybrid
4402,2022,B73 X Mo17,Hybrid
4403,2022,BGEM-0240-N X B73,Hybrid
4404,2022,PHG47 X PHZ51,Hybrid
4405,2022,BGEM-0183-N X B73,Hybrid
4406,2022,BGEM-0130-N X B73,Hybrid
4407,2022,BGEM-0121-N X B73,Hybrid
4408,2022,B73 X Mo17,Hybrid
4409,2022,BGEM-0230-N X B73,Hybrid
4410,2022,BGEM-0228-N X B73,Hybrid
4411,2022,BGEM-0046-N X B73,Hybrid
4412,2022,Mo17,Hybrid
4413,2022,Mo17,Hybrid
4414,2022,B73 X Mo17,Hybrid
4415,2022,BGEM-0185-N X B73,Hybrid
4416,2022,BGEM-0238-N X B73,Hybrid
4417,2022,BGEM-0143-N X B73,Hybrid
4418,2022,BGEM-0194-N X B73,Hybrid
4419,2022,BGEM-0174-N X B73,Hybrid
4420,2022,B73 X Mo17,Hybrid
4421,2022,BGEM-0107-N X B73,Hybrid
4422,2022,BGEM-0039-N X B73,Hybrid
4423,2022,BGEM-0045-N X B73,Hybrid
4424,2022,BGEM-0062-N X B73,Hybrid
4425,2022,BGEM-0087-N X B73,Hybrid
4426,2022,B73 X Mo17,Hybrid
4427,2022,BGEM-0144-N X B73,Hybrid
4428,2022,BGEM-0196-N X B73,Hybrid
4429,2022,BGEM-0126-N X B73,Hybrid
4430,2022,BGEM-0038-N X B73,Hybrid
4431,2022,BGEM-0231-N X B73,Hybrid
4432,2022,B73 X Mo17,Hybrid
4433,2022,BGEM-0123-N X B73,Hybrid
4434,2022,Mo17,Hybrid
4435,2022,BGEM-0152-N X B73,Hybrid
4436,2022,BGEM-0061-N X B73,Hybrid
4437,2022,BGEM-0040-N X B73,Hybrid
4438,2022,B73 X Mo17,Hybrid
4439,2022,Mo17,Hybrid
4440,2022,BGEM-0207-N X B73,Hybrid
4441,2022,BGEM-0224-N X B73,Hybrid
4442,2022,BGEM-0235-N X B73,Hybrid
4443,2022,BGEM-0089-N X B73,Hybrid
4444,2022,B73 X Mo17,Hybrid
4445,2022,BGEM-0211-N X B73,Hybrid
4446,2022,BGEM-0109-N X B73,Hybrid
4447,2022,BGEM-0141-N X B73,Hybrid
4448,2022,BGEM-0091-N X B73,Hybrid
4449,2022,BGEM-0181-N X B73,Hybrid
4450,2022,B73 X Mo17,Hybrid
4451,2022,BGEM-0205-N X B73,Hybrid
4452,2022,Mo17,Hybrid
4453,2022,BGEM-0117-S X Mo17,Hybrid
4454,2022,BGEM-0263-S X Mo17,Hybrid
4455,2022,BGEM-0218-S X Mo17,Hybrid
4456,2022,BGEM-0076-S X Mo17,Hybrid
4457,2022,BGEM-0033-S X Mo17,Hybrid
4458,2022,B73 X Mo17,Hybrid
4459,2022,BGEM-0160-S X Mo17,Hybrid
4460,2022,BGEM-0226-S X Mo17,Hybrid
4461,2022,BGEM-0068-S X Mo17,Hybrid
4462,2022,BGEM-0098-S X Mo17,Hybrid
4463,2022,BGEM-0137-S X Mo17,Hybrid
4464,2022,B73 X Mo17,Hybrid
4465,2022,BGEM-0114-S X Mo17,Hybrid
4466,2022,BGEM-0168-S X Mo17,Hybrid
4467,2022,BGEM-0214-S X Mo17,Hybrid
4468,2022,BGEM-0079-S X Mo17,Hybrid
4469,2022,BGEM-0163-S X Mo17,Hybrid
4470,2022,B73 X Mo17,Hybrid
4471,2022,BGEM-0075-S X Mo17,Hybrid
4472,2022,BGEM-0043-S X Mo17,Hybrid
4473,2022,BGEM-0258-S X Mo17,Hybrid
4474,2022,BGEM-0245-S X Mo17,Hybrid
4475,2022,BGEM-0010-S X Mo17,Hybrid
4476,2022,B73 X Mo17,Hybrid
4477,2022,BGEM-0057-S X Mo17,Hybrid
4478,2022,BGEM-0024-S X Mo17,Hybrid
4479,2022,BGEM-0236-S X Mo17,Hybrid
4480,2022,BGEM-0171-S X Mo17,Hybrid
4481,2022,BGEM-0050-S X Mo17,Hybrid
4482,2022,B73 X Mo17,Hybrid
4483,2022,BGEM-0164-S X Mo17,Hybrid
4484,2022,BGEM-0243-S X Mo17,Hybrid
4485,2022,BGEM-0115-S X Mo17,Hybrid
4486,2022,BGEM-0167-S X Mo17,Hybrid
4487,2022,BGEM-0116-S X Mo17,Hybrid
4488,2022,B73 X Mo17,Hybrid
4489,2022,BGEM-0073-S X Mo17,Hybrid
4490,2022,BGEM-0199-S X Mo17,Hybrid
4491,2022,BGEM-0082-S X Mo17,Hybrid
4492,2022,BGEM-0011-S X Mo17,Hybrid
4493,2022,BGEM-0028-S X Mo17,Hybrid
4494,2022,B73 X Mo17,Hybrid
4495,2022,BGEM-0060-S X Mo17,Hybrid
4496,2022,BGEM-0222-S X Mo17,Hybrid
4497,2022,BGEM-0035-S X Mo17,Hybrid
4498,2022,BGEM-0034-S X Mo17,Hybrid
4499,2022,BGEM-0071-S X Mo17,Hybrid
4500,2022,B73 X Mo17,Hybrid
4501,2022,BGEM-0148-S X Mo17,Hybrid
4502,2022,BGEM-0188-S X Mo17,Hybrid
4503,2022,BGEM-0012-S X Mo17,Hybrid
4504,2022,BGEM-0051-S X Mo17,Hybrid
4505,2022,BGEM-0092-S X Mo17,Hybrid
4506,2022,B73 X Mo17,Hybrid
4507,2022,BGEM-0156-S X Mo17,Hybrid
4508,2022,LH123 x LH59,Hybrid
4509,2022,BGEM-0055-S X Mo17,Hybrid
4510,2022,BGEM-0049-S X Mo17,Hybrid
4511,2022,BGEM-0255-S X Mo17,Hybrid
4512,2022,B73 X Mo17,Hybrid
4513,2022,BGEM-0036-S X Mo17,Hybrid
4514,2022,BGEM-0072-S X Mo17,Hybrid
4515,2022,BGEM-0173-S X Mo17,Hybrid
4516,2022,BGEM-0261-S X Mo17,Hybrid
4517,2022,BGEM-0111-S X Mo17,Hybrid
4518,2022,B73 X Mo17,Hybrid
4519,2022,BGEM-0078-S X Mo17,Hybrid
4520,2022,BGEM-0081-S X Mo17,Hybrid
4521,2022,BGEM-0108-S X Mo17,Hybrid
4522,2022,BGEM-0165-S X Mo17,Hybrid
4523,2022,BGEM-0257-S X Mo17,Hybrid
4524,2022,B73 X Mo17,Hybrid
4525,2022,BGEM-0101-S X Mo17,Hybrid
4526,2022,BGEM-0094-S X Mo17,Hybrid
4527,2022,BGEM-0179-S X Mo17,Hybrid
4528,2022,BGEM-0170-S X Mo17,Hybrid
4529,2022,BGEM-0220-S X Mo17,Hybrid
4530,2022,B73 X Mo17,Hybrid
4531,2022,BGEM-0044-S X Mo17,Hybrid
4532,2022,BGEM-0189-S X Mo17,Hybrid
4533,2022,BGEM-0030-S X Mo17,Hybrid
4534,2022,BGEM-0070-S X Mo17,Hybrid
4535,2022,BGEM-0219-S X Mo17,Hybrid
4536,2022,B73 X Mo17,Hybrid
4537,2022,BGEM-0052-S X Mo17,Hybrid
4538,2022,BGEM-0048-S X Mo17,Hybrid
4539,2022,BGEM-0244-S X Mo17,Hybrid
4540,2022,BGEM-0252-S X Mo17,Hybrid
4541,2022,BGEM-0084-S X Mo17,Hybrid
4542,2022,B73 X Mo17,Hybrid
4543,2022,LH132 x B73,Hybrid
4544,2022,LH109 X LH59,Hybrid
4545,2022,BGEM-0014-S X Mo17,Hybrid
4546,2022,BGEM-0233-S X Mo17,Hybrid
4547,2022,BGEM-0015-S X Mo17,Hybrid
4548,2022,B73 X Mo17,Hybrid
4549,2022,BGEM-0047-S X Mo17,Hybrid
4550,2022,BGEM-0056-S X Mo17,Hybrid
4551,2022,BGEM-0198-S X Mo17,Hybrid
4552,2022,BGEM-0023-S X Mo17,Hybrid
4553,2022,BGEM-0113-S X Mo17,Hybrid
4554,2022,B73 X Mo17,Hybrid
4555,2022,BGEM-0251-S X Mo17,Hybrid
4556,2022,BGEM-0200-S X Mo17,Hybrid
4557,2022,BGEM-0053-S X Mo17,Hybrid
4558,2022,BGEM-0118-S X Mo17,Hybrid
4559,2022,BGEM-0032-S X Mo17,Hybrid
4560,2022,B73 X Mo17,Hybrid
4561,2022,BGEM-0180-S X Mo17,Hybrid
4562,2022,BGEM-0059-S X Mo17,Hybrid
4563,2022,BGEM-0019-S X Mo17,Hybrid
4564,2022,BGEM-0254-S X Mo17,Hybrid
4565,2022,BGEM-0221-S X Mo17,Hybrid
4566,2022,B73 X Mo17,Hybrid
4567,2022,BGEM-0022-S X Mo17,Hybrid
4568,2022,BGEM-0134-S X Mo17,Hybrid
4569,2022,BGEM-0162-S X Mo17,Hybrid
4570,2022,BGEM-0026-S X Mo17,Hybrid
4571,2022,BGEM-0178-S X Mo17,Hybrid
4572,2022,B73 X Mo17,Hybrid
4573,2022,BGEM-0153-S X Mo17,Hybrid
4574,2022,BGEM-0147-S X Mo17,Hybrid
4575,2022,BGEM-0154-S X Mo17,Hybrid
4576,2022,BGEM-0029-S X Mo17,Hybrid
4577,2022,BGEM-0136-S X Mo17,Hybrid
4578,2022,B73 X Mo17,Hybrid
4579,2022,BGEM-0159-S X Mo17,Hybrid
4580,2022,BGEM-0175-S X Mo17,Hybrid
4581,2022,BGEM-0197-S X Mo17,Hybrid
4582,2022,BGEM-0054-S X Mo17,Hybrid
4583,2022,BGEM-0021-S X Mo17,Hybrid
4584,2022,B73 X Mo17,Hybrid
4585,2022,BGEM-0158-S X Mo17,Hybrid
4586,2022,BGEM-0027-S X Mo17,Hybrid
4587,2022,BGEM-0250-S X Mo17,Hybrid
4588,2022,BGEM-0161-S X Mo17,Hybrid
4589,2022,BGEM-0177-S X Mo17,Hybrid
4590,2022,B73 X Mo17,Hybrid
4591,2022,BGEM-0112-S X Mo17,Hybrid
4592,2022,BGEM-0083-S X Mo17,Hybrid
4593,2022,BGEM-0264-S X Mo17,Hybrid
4594,2022,BGEM-0187-S X Mo17,Hybrid
4595,2022,BGEM-0006-S X Mo17,Hybrid
4596,2022,B73 X Mo17,Hybrid
4597,2022,B73 X Mo17,Hybrid
4598,2022,B73 X Mo17,Hybrid
4599,2022,B73 X Mo17,Hybrid
4600,2022,B73 X Mo17,Hybrid
